templateId,name,type,eventGuid,desc,parameters,score,node
0,灵光一闪,NormalEvent,,在阅读{0}时突然灵光一闪。,ItemKey,0,False
1,太吾死亡,LockedEvent,24b66f5e-cd47-486c-ad8f-6e069bd8dd71,{0}在{1}死亡。,Character|Location,0,False
2,地区崩溃,LockedEvent,84d406db-8da7-4128-b52b-92ede33eff20,遍地玄石撕裂了大地，{0}跌入玄石缝隙之中！,Character,0,False
3,太吾入魔,LockedEvent,24b66f5e-cd47-486c-ad8f-6e069bd8dd71,{0}在{1}入魔。,Character|Location,0,False
4,太吾入邪,SpecialEvent,ffdda15e-c734-4bd3-842f-cb1e0170f4ca,{0}在{1}入邪。,Character|Location,0,False
5,外道袭击,SpecialEvent,1e7e65eb-7889-49a8-a88c-0fb53b2bce08,在{0}被由{1}带领的一帮外道所袭击！,Location|CharacterTemplate,0,False
6,动物袭击,SpecialEvent,31f73af4-dfe0-4780-891b-af84e2112024,在{0}遭遇了{1}的袭击！,Location|CharacterTemplate,0,False
7,义士袭击,SpecialEvent,6839f74d-a797-4057-9d3c-54526c75b17c,在{0}被由{1}带领的一帮义士所袭击！,Location|CharacterTemplate,0,False
8,失心人袭击,SpecialEvent,35d08ee0-3f8b-4100-957a-b9a601ed400b,在{0}遭遇了堕入相枢魔道的{1}袭击！,Location|Character,0,False
9,爪牙袭击,SpecialEvent,b741c428-7bab-4856-b6cf-d55b2ad78d93,在{0}遭遇了已沦为相枢爪牙的{1}袭击！,Location|Character,0,False
10,促织入梦,NormalEvent,8556787a-6a5f-413e-a2f6-56ed2d4330f1,{0}在{1}梦见一只奇异的促织！,Character|Location,0,False
11,生下促织,NormalEvent,eea2f834-8d4d-456c-bd4e-eb41f9554011,{0}孕育的促织降生了！,Character,0,False
12,生下促织,NormalEvent,a5d13b65-9503-496d-bea2-4f89196ca6f7,{0}孕育的促织降生了！,Character,0,False
13,母亲胎教,NormalEvent,a73cc160-a95d-42c3-b986-a0353df434f0,{0}腹中的胎儿似乎正在不安…,Character,0,False
14,痛失骨肉,NormalEvent,b2d104a6-b1ea-4cbb-8043-54d8da07176c,{0}因身体不适，在{1}触动了胎气，以致痛失了腹中的胎儿。,Character|Location,0,False
15,痛失骨肉,NormalEvent,be5c842e-d69f-40e3-961d-b49ba7186fc2,{0}因身体不适，在{1}触动了胎气，以致痛失了腹中的胎儿。,Character|Location,0,False
16,难产双亡,LockedEvent,c6a8fff1-8d8e-4f14-91b8-3bf49bdd1a29,{0}在{1}生育时发生意外，以致香消玉殒，并痛失了腹中的胎儿。,Character|Location,0,False
17,难产双亡,NormalEvent,1f5bbc25-26db-46cc-bd85-54833cf2367a,{0}在{1}生育时发生意外，以致香消玉殒，并痛失了腹中的胎儿。,Character|Location,0,False
18,难产失子,NormalEvent,7c8b6585-2d4a-4ae6-a0f8-a2228486271c,{0}在{1}生育时发生意外，以致痛失了腹中的胎儿。,Character|Location,0,False
19,难产失子,NormalEvent,26c12b8e-2808-43d7-a00e-af970cb459bf,{0}在{1}生育时发生意外，以致痛失了腹中的胎儿。,Character|Location,0,False
20,喜得贵子,NormalEvent,a86f7e1e-921b-42b8-9555-dec674e2df25,{0}在{1}诞下一子。,Character|Location|Character,0,False
21,喜得千金,NormalEvent,2425d411-1f0b-4482-b610-89ef5a7db33f,{0}在{1}诞下一女。,Character|Location|Character,0,False
22,喜得贵子,NormalEvent,699239c9-8293-4b21-b479-daf07983156e,{0}在{1}诞下一子。,Character|Location|Character,0,False
23,喜得千金,NormalEvent,1612d6ee-f4fe-4ce1-9174-4fe434a8225a,{0}在{1}诞下一女。,Character|Location|Character,0,False
24,难产剩子,LockedEvent,4a3a0d8a-3140-400f-b444-f9ecb209cfba,{0}在{1}生育时发生意外，虽诞下一子，却终究香消玉殒。,Character|Location|Character,0,False
25,难产剩女,LockedEvent,2a0e5ea0-8418-4cc3-ba47-20bd9b2c5707,{0}在{1}生育时发生意外，虽诞下一女，却终究香消玉殒。,Character|Location|Character,0,False
26,难产剩子,NormalEvent,2c353211-ec1c-49dd-94cc-b396821348de,{0}在{1}生育时发生意外，虽诞下一子，却终究香消玉殒。,Character|Location|Character,0,False
27,难产剩女,NormalEvent,ac07bc64-eb8b-4214-92e4-15a63b77af40,{0}在{1}生育时发生意外，虽诞下一女，却终究香消玉殒。,Character|Location|Character,0,False
28,难产得子,NormalEvent,a572973e-af1e-4ff8-8e12-884b28671281,{0}在{1}生育时发生意外，最终顺利诞下一子。,Character|Location|Character,0,False
29,难产得女,NormalEvent,fd9e4d4d-c8c1-4858-880b-7d6cb01f959b,{0}在{1}生育时发生意外，最终顺利诞下一女。,Character|Location|Character,0,False
30,难产得子,NormalEvent,78513fac-0ba8-4c46-b892-26d8d1dc79f3,{0}在{1}生育时发生意外，最终顺利诞下一子。,Character|Location|Character,0,False
31,难产得女,NormalEvent,a224107b-2909-4f02-882e-a84f2cad38ee,{0}在{1}生育时发生意外，最终顺利诞下一女。,Character|Location|Character,0,False
32,无名遗孤,NormalEvent,8812d517-ca0a-4f9d-83e8-936376ae11c4,一名婴儿被遗弃在了太吾村…,Character,0,False
33,孩子抓周,NormalEvent,3da0ed73-3abe-47c4-9990-91beeca7e831,{0}满周岁了！,Character,0,False
34,教育子女,NormalEvent,90f67007-3c35-4b12-990e-66babdd88fed,{0}年岁渐长，正可开蒙教育…,Character,0,False
35,即将成年,NormalEvent,e7921be6-80b9-41e1-90e4-956461e282ba,{0}即将成年！,Character,0,False
36,俘虏产子,NormalEvent,2c295340-baa0-44a6-a8f4-858a959b2fb9,{0}关押中的{1}的孩子诞生了。,Character|Character|Character|Character|Character|Character|Character,0,False
37,俘虏结仇,NormalEvent,ffe2e080-8c18-4e8c-9073-e78d04fa061b,{0}在{1}因被{2}监禁，对{2}心生怨恨…,Character|Location|Character,0,False
38,同道婚配,NormalEvent,e1f06054-115f-48d6-b8c2-eeb8f62bafe0,{0}与{1}情投意合，想要互许终生，结为夫妻…,Character|Character,0,False
39,春日集市,NormalEvent,e859cd22-0fae-4356-8ae3-903c7bc82972,冬去春来，辞旧迎新，各地的商贾们纷纷举办起热闹的集会，随处可见赶集的百姓们。,,0,False
40,城镇比武,NormalEvent,4fbe0a50-be4f-42fd-9341-7b8498bae3e1,夏暑三伏，勤学苦练，热火朝天的城镇比武正在{0}举办。,Location,0,False
41,促织大赛,NormalEvent,80f68c9a-9506-4814-9215-5e8dd2698719,金秋伊始，秋虫活跃，一场促织大赛正在{0}轰轰烈烈地举办！,Location,0,False
42,较艺大会,NormalEvent,8d3de6a1-1d88-4bfa-99be-6722ed08b8f3,数九寒冬，劳作不辍，一场关于{0}的较艺大会正在{1}轰轰烈烈地举办！,LifeSkill|Location,0,False
43,结下仇怨,NormalEvent,471ea810-7be4-454c-8375-d6f2477a93ac,{0}在{1}对{2}怀恨在心，结下了莫名的仇怨。,Character|Location|Character,0,False
44,化解仇怨,NormalEvent,b335cd4b-0ce3-4882-a5bb-f2d2ad699b11,{0}在{1}化解了对{2}的仇恨，不再视其为敌人了。,Character|Location|Character,0,False
45,心生爱慕,NormalEvent,11ce2ba2-5abc-4f9e-9fbc-8892f03cd8f6,{0}在{1}对{2}心生爱慕之情。,Character|Location|Character,0,False
46,表露心事,NormalEvent,8ce2db54-994d-4790-bfe3-6cedd7473277,{0}在{1}向{2}表明心中爱意…,Character|Location|Character,0,False
47,恋人分手,NormalEvent,63a3c0e9-cf75-4c03-9453-48841d3e9fa9,{0}在{1}向{2}提议断绝彼此的情爱，只叹：此情可待成追忆，只是当时已惘然……,Character|Location|Character,0,False
48,共结连理,NormalEvent,9c81352d-b715-4554-85fc-50322fe428f6,{0}在{1}向{2}提议互许终生，结为夫妻…,Character|Location|Character,0,False
49,结为好友,NormalEvent,a546e498-7128-49df-ab14-09a6474cbc66,{0}在{1}与{2}相谈甚欢，提议结为知己好友…,Character|Location|Character,0,False
50,断绝友谊,NormalEvent,abce40cd-8b67-41a6-8015-d927d6f6ef3b,{0}在{1}与{2}产生隔阂，不复往日友谊…,Character|Location|Character,0,False
51,义结金兰,NormalEvent,9ba8de0b-1ffa-4083-9024-d349ec65cad3,{0}在{1}向{2}提议共结金兰之契，但求同生共死…,Character|Location|Character,0,False
52,割袍断义,NormalEvent,9836cfcf-3ff9-4724-b7d1-be307fee808b,{0}在{1}向{2}提出割袍断义，所谓：不及黄泉，无相见也…,Character|Location|Character,0,False
53,拜认义父,NormalEvent,f81b923a-110d-4956-8fab-802650fb5afd,{0}在{1}对{2}孺慕不已，请求拜认{2}为义父…,Character|Location|Character,0,False
54,拜认义母,NormalEvent,135e6b5f-afb8-4bbe-a50f-0e040a8ba52a,{0}在{1}对{2}孺慕不已，请求拜认{2}为义母…,Character|Location|Character,0,False
55,收养义子,NormalEvent,940bdcc2-59f8-483b-86e9-d80ced06fd40,{0}在{1}对{2}关怀不已，提出收养{2}为义子…,Character|Location|Character,0,False
56,收养义女,NormalEvent,6a905b7f-80e2-49dd-9539-a7e79f57454d,{0}在{1}对{2}关怀不已，提出收养{2}为义女…,Character|Location|Character,0,False
57,离开人世,NormalEvent,20eec777-8c29-45d1-9acc-7474942ab49c,{0}在{1}离开了人世。,Character|Location,0,False
58,俘虏逃脱,NormalEvent,cb6c9034-4da1-4d27-8b32-4ce6034d75d2,{0}在{1}摆脱了{2}的监禁逃走了……,Character|Location|Character,0,False
59,中止赴约,NormalEvent,e7dfbf0a-8fec-4e33-b4f7-2fc93a9799f1,{0}不再前往{1}赴约…,Character|Location,0,False
60,寻仇袭击,SpecialEvent,98c52d02-36aa-4293-9d40-5573f3322dac,{0}在{1}遭遇了{2}的寻仇袭击…,Character|Location|Character,0,False
61,请求保护,NormalEvent,17093897-d8d9-4d7d-86ed-229cc4e85afd,{0}在{1}遭遇了{2}的寻仇袭击，并请求{3}代其抵御{2}的袭击…,Character|Location|Character|Character,0,False
62,遭遇下毒,NormalEvent,79ab2055-ccab-41b9-af31-c9e5918a7893,{0}在{1}遭受毒害，并发现了正欲逃走的{2}…,Character|Location|Character,0,False
63,遭遇下毒,NormalEvent,4f418b2e-be18-4c1a-aa3a-306fcf929357,{0}在{1}遭受毒害。,Character|Location,0,False
64,遭遇损伤,NormalEvent,60d93b13-33b6-4be7-9a3b-7253275a2696,{0}在{1}被暗中损伤，并发现了正欲逃走的{2}…,Character|Location|Character,0,False
65,遭遇损伤,NormalEvent,b1e95ac4-0d8e-4b9e-954e-0ccd7c5e7c41,{0}在{1}被暗中损伤。,Character|Location,0,False
66,外伤请求,NormalEvent,3af56371-f736-4aa9-ae9b-c3c98ba0f4b0,{0}在{1}请求{2}赠予{3}，用以治疗外伤…,Character|Location|Character|ItemKey|BodyPartType,0,False
67,外伤请求,NormalEvent,d58fceec-2d53-4532-9893-d834db626b35,{0}在{1}请求{2}赠予{3}药材，用以治疗外伤…,Character|Location|Character|Integer,0,False
68,内伤请求,NormalEvent,3f335f54-d401-4951-9b9e-61c82c7d5bbc,{0}在{1}请求{2}赠予{3}，用以治疗内伤…,Character|Location|Character|ItemKey|BodyPartType,0,False
69,内伤请求,NormalEvent,3c71d6c1-f5a0-4e20-9eca-280dde1b2f84,{0}在{1}请求{2}赠予{3}药材，用以治疗内伤…,Character|Location|Character|Integer,0,False
70,驱毒请求,NormalEvent,1deadcc9-cca4-4091-8276-5f3a8b136fe0,{0}在{1}请求{2}赠予{3}，用以驱除{4}…,Character|Location|Character|ItemKey|PoisonType,0,False
71,驱毒请求,NormalEvent,d799f11c-7ff7-4f9e-83a6-192753411e7b,{0}在{1}请求{2}赠予{3}药材，用以驱除{4}…,Character|Location|Character|Integer|PoisonType,0,False
72,续命请求,NormalEvent,66fe331f-7bb2-422b-9a3e-892859eedb55,{0}在{1}请求{2}赠予{3}，用以疗疾续命…,Character|Location|Character|ItemKey,0,False
73,内息请求,NormalEvent,03b005e1-e0c6-4726-abc7-4e3121116049,{0}在{1}请求{2}赠予{3}，用以调理内息…,Character|Location|Character|ItemKey,0,False
74,内力请求,NormalEvent,d2e80cb3-4c6f-471d-83f9-422bbcab2d7f,{0}在{1}请求{2}赠予{3}，用以恢复内力…,Character|Location|Character|ItemKey,0,False
75,灭蛊请求,NormalEvent,d7ec7e02-ee62-4137-a8cb-a4961ec28bb0,{0}在{1}请求{2}赠予{3}，用以杀灭{4}…,Character|Location|Character|ItemKey|ItemKey,0,False
76,食物请求,NormalEvent,560cee7d-3955-4650-8fbf-cf66e80a321d,{0}在{1}请求{2}赠予{3}，用以果腹…,Character|Location|Character|ItemKey|Integer,0,False
77,茶酒请求,NormalEvent,e6a1795d-e1a1-46af-b977-f821fc1441f5,{0}在{1}请求{2}赠予{3}，用以舒怀…,Character|Location|Character|ItemKey,0,False
78,资源请求,NormalEvent,16bddd08-6083-4c11-9342-78922ed19b6b,{0}在{1}请求{2}赠予{3}{4}…,Character|Location|Character|Integer|Resource,0,False
79,物品请求,NormalEvent,7ac0429a-a48f-4adb-be4b-4cb767d978e4,{0}在{1}请求{2}赠予{3}…,Character|Location|Character|ItemKey|Integer,0,False
80,修理请求,NormalEvent,a61df3c7-c29b-4a81-b4c8-da7651c931e8,{0}在{1}请求{2}相助修理{3}…,Character|Location|Character|ItemKey|ItemKey|Integer|Resource,0,False
81,淬毒请求,NormalEvent,7386d3bc-3ebe-4603-b771-1f61f7a166b2,{0}在{1}请求{2}相助为{3}淬毒…,Character|Location|Character|ItemKey|ItemKey,0,False
82,技艺请求,NormalEvent,cbb59e89-a125-42ab-8692-e522c44a0bc8,{0}在{1}请求{2}指点{3}的第{4}篇…,Character|Location|Character|Item|Integer,0,False
83,武艺请求,NormalEvent,eb7f0c2a-60f9-4221-97e5-662d513620c1,{0}在{1}请求{2}指点{3}的第{4}篇…,Character|Location|Character|Item|Integer|Integer|Integer,0,False
84,研读技艺请求,NormalEvent,1735b4a9-4ece-4ff9-83f3-fa005cfa33e8,{0}在{1}请求{2}相助解读{3}的第{4}篇…,Character|Location|Character|ItemKey|Integer,0,False
85,研读武学请求,NormalEvent,9804522b-8380-4950-9996-f15a8387d802,{0}在{1}请求{2}相助解读{3}的第{4}篇…,Character|Location|Character|ItemKey|Integer|Integer,0,False
86,突破请求,NormalEvent,6c91f53d-6eb8-43e5-812d-e1838cab5c57,{0}在{1}请求{2}相助突破{3}的玄关…,Character|Location|Character|CombatSkill,0,False
87,切磋请求,NormalEvent,c485c693-5ff0-45ec-933c-62c75a045fee,{0}在{1}向{2}提出切磋武艺…,Character|Location|Character,0,False
88,挑战请求,NormalEvent,7d52876b-b8e7-421c-a4a7-a93916431aa3,{0}在{1}向{2}提出比试武艺…,Character|Location|Character,0,False
89,较艺请求,NormalEvent,c2019d63-3dc0-481c-9a9d-8f11afdea032,{0}在{1}向{2}提出比试技艺…,Character|Location|Character,0,False
90,促织决斗,NormalEvent,79c5748c-aac6-4e77-b32d-32bfd59be5f5,{0}在{1}向{2}提出促织决斗…,Character|Location|Character,0,False
91,窃取俘虏被抓,NormalEvent,24dd3ebb-4d21-492c-95e8-f7bd68c720ce,{0}在{1}暗中解救了被{2}关押的{3}…,Character|Location|Character|Character,0,False
92,窃取俘虏逃跑,NormalEvent,6ea53aad-a7a9-42d4-b604-4cb449cc307b,{0}关押的{2}在{1}被暗中解救了！,Character|Location|Character,0,False
93,遭遇唬骗俘虏,SpecialEvent,e81ef0d1-64ac-466d-9c12-730c0da1c6e7,{0}在{1}意图用计解救被{2}关押的{3}…,Character|Location|Character|Character,0,False
94,遭遇抢夺俘虏,SpecialEvent,202a620d-cee9-4df1-a48d-08a0a12e1dcc,{0}在{1}意图强行解救被{2}关押的{3}…,Character|Location|Character|Character,0,False
95,窃取资源被抓,NormalEvent,7862ad2f-0d39-4f35-bf68-ed9817cf9d3b,{0}在{1}窃取了{2}的部分{3}…,Character|Location|Character|Resource|Integer,0,False
96,窃取资源逃跑,NormalEvent,2e6e8d8e-1b7e-4826-8a88-c7d548a56281,{2}的部分{3}在{1}失窃了…,Character|Location|Character|Resource|Integer,0,False
97,遭遇唬骗资源,SpecialEvent,217e62da-2a6a-4496-905d-9722a84e4a38,{0}在{1}意图骗取{2}的{3}…,Character|Location|Character|Resource|Integer,0,False
98,遭遇抢夺资源,SpecialEvent,5392cdf7-2f52-4c14-9416-3025676d9dcc,{0}在{1}意图夺取{2}的{3}…,Character|Location|Character|Resource|Integer,0,False
99,窃取物品被抓,NormalEvent,7c4b526f-e634-4cac-94af-e64ae059910f,{0}在{1}窃取了{2}的{3}…,Character|Location|Character|ItemKey,0,False
100,窃取物品逃跑,NormalEvent,369a71c6-319a-4427-8729-df9fba616682,{2}的{3}在{1}失窃了…,Character|Location|Character|ItemKey,0,False
101,遭遇唬骗物品,SpecialEvent,32e1edf9-4c1c-4adf-819b-a3009e650a32,{0}在{1}意图骗取{2}的{3}…,Character|Location|Character|ItemKey,0,False
102,遭遇抢夺物品,SpecialEvent,f3341e73-d607-4d0d-b3c1-ed4c5ccd0e74,{0}在{1}意图夺取{2}的{3}…,Character|Location|Character|ItemKey,0,False
103,窃取技艺被抓,NormalEvent,3abe4e48-fab7-4619-bfc9-656c06dead27,{0}在{1}偷师了{2}的{3}第{4}篇，被{2}发现了…,Character|Location|Character|Item|Integer,0,False
104,窃取技艺逃跑,NormalEvent,266de680-6160-4a10-af71-678481915019,{0}在{1}偷师了{2}的{3}第{4}篇后全身而退…,Character|Location|Character|Item|Integer,0,False
105,遭遇唬骗技艺,SpecialEvent,e8912b09-71bd-4254-93b2-ed6266f5f8fa,{0}在{1}意图骗取{2}的{3}第{4}篇秘诀…,Character|Location|Character|Item|Integer,0,False
106,窃取武学被抓,NormalEvent,e4df3573-eaa7-4bec-a7f0-b528e2078d0f,{0}在{1}偷师了{2}的{3}第{4}篇，被{2}发现了…,Character|Location|Character|Item|Integer|Integer|Integer,0,False
107,窃取武学逃跑,NormalEvent,9fc43b8f-11cd-434a-b324-6a7ad2c45bd5,{0}在{1}偷师了{2}的{3}第{4}篇后全身而退…,Character|Location|Character|Item|Integer|Integer|Integer,0,False
108,遭遇唬骗武学,SpecialEvent,514e2102-26fb-4fe8-9a79-48e919c5acaa,{0}在{1}意图骗取{2}的{3}第{4}篇秘诀…,Character|Location|Character|Item|Integer|Integer|Integer,0,False
109,推恩施义,NormalEvent,eb338657-9fec-4129-bbbe-3e4390606d7e,{0}在{1}向{2}提议将{2}的恩义施予百姓…,Character|Location|Character,0,False
110,笼络人心,NormalEvent,657c9c77-5690-4e32-bbfc-245b44489374,{0}在{1}向{2}提议帮助{2}笼络当地人心…,Character|Location|Character,0,False
111,商会赞誉,NormalEvent,dec0683d-fade-4a91-94b7-125cf2394aab,{0}在{1}向{2}提议增进{2}与商会的好感…,Character|Location|Character,0,False
112,茶酒相邀,NormalEvent,13a9669f-1e5b-4519-99df-1123c41b0132,{0}在{1}以{3}邀约{2}…,Character|Location|Character|ItemKey|ItemKey,0,False
113,打折推销,NormalEvent,c86ac53a-cc8b-4208-bed6-366ac194572d,{0}在{1}向{2}推销{3}…,Character|Location|Character|ItemKey|Integer|Integer,0,False
114,施医赠药,NormalEvent,08d64ad1-2df9-4155-bcd4-bf7b8c367d58,{0}在{1}向{2}提议助其疗愈伤势…,Character|Location|Character|Integer,0,False
115,施医赠药,NormalEvent,55854256-94d7-4227-8ca2-ff074dcc9d1f,{0}在{1}向{2}提议助其驱除毒素…,Character|Location|Character|Integer,0,False
116,修补物品,NormalEvent,fdcb8aaf-ff9f-4bcb-981c-4e4f7c8d7648,{0}在{1}向{2}提议为其修补{3}…,Character|Location|Character|ItemKey|ItemKey|Resource|Integer,0,False
117,梳头修面,NormalEvent,99aca42c-8d46-499e-88b3-843f790c4c4c,{0}在{1}向{2}提议为其梳头修面…,Character|Location|Character,0,False
118,乞讨银钱,NormalEvent,2a523b5e-2660-45bd-a684-acfd42dcd604,{0}在{1}向{2}乞讨银钱…,Character|Location|Character,0,False
119,盟会失败,NormalEvent,cf1dca5b-7d9f-4e76-8d10-e2e59a24053b,因相枢之祸，天下武林盟会屡受袭扰，最终未能成功举办……,,0,False
120,筹备盟会,NormalEvent,d66412f3-357e-4ab4-bc29-707c391f1114,为筹备天下武林盟会，一队{0}的弟子找到了{1}的所在……,Settlement|Character,0,False
121,太吾村毁灭,LockedEvent,cce87696-5bc6-4006-80a0-e4df96277208,太吾村毁灭了！,,0,False
122,门派责罚！,NormalEvent,3b78ef2e-89b5-48b3-bd48-94d8aa6a11e7,奈何双飞燕，休负有情人，{0}因与太吾传人的情谊受到了门派责罚……,Character,0,False
123,奇异木人,NormalEvent,83d6b576-3458-4c2e-a2d9-8d7c0c0cc6a5,一具奇特的木人，忽然出现在太吾村的练功房中……,,0,False
124,奇异木人,NormalEvent,0940e147-8e6f-40be-be38-246081334f67,一具奇特的木人，忽然出现在太吾村的练功房中……,,0,False
125,奇异木人,NormalEvent,c8743e2b-29e1-434f-b0a5-61c9c7e47879,一具奇特的木人，忽然出现在太吾村的练功房中……,,0,False
126,奇异木人,NormalEvent,9c76da25-c084-499b-bb1a-30b25376edf6,一具奇特的木人，忽然出现在太吾村的练功房中……,,0,False
127,奇异木人,NormalEvent,bf5d6073-4ebe-4808-8f7c-e6514320f8ca,一具奇特的木人，忽然出现在太吾村的练功房中……,,0,False
128,奇异木人,NormalEvent,c7ce95b6-7e99-4873-9670-d7364b263615,一具奇特的木人，忽然出现在太吾村的练功房中……,,0,False
129,奇异木人,NormalEvent,2eb7d4aa-ee04-42e1-97e7-86351308d20d,一具奇特的木人，忽然出现在太吾村的练功房中……,,0,False
130,奇异木人,NormalEvent,f4cd2829-71b3-4d74-b618-242800ab1274,一具奇特的木人，忽然出现在太吾村的练功房中……,,0,False
131,奇异木人,NormalEvent,399fb669-fae9-41f1-a69a-57d040b54199,一具奇特的木人，忽然出现在太吾村的练功房中……,,0,False
132,背约负誓,NormalEvent,0555df77-0f9a-4ec0-ad45-882b4c579ecd,衾寒枕冷梦不成，斜倚红烛坐天明，因{0}未如约前往与{1}完婚，{1}决意断绝与{0}的情爱…,Character|Character,0,False
133,背约负誓,NormalEvent,7bcdde30-708e-4e10-8d55-7befc82e5e1b,{1}听闻{0}心生两意，另结良缘，于是决意断绝与{0}的情爱…,Character|Character,0,False
134,遭遇奇书挑战,SpecialEvent,d5eed465-57c2-471d-be63-c731173581e5,{0}在{1}向{2}发起挑战，誓要赢取手中的{3}……,Character|Location|Character|ItemKey,0,False
135,遭遇求取奇书,NormalEvent,885a4366-a3e4-4687-8f53-fde6e9eee1e8,{0}在{1}向{2}发起请求，希望受传手中的{3}……,Character|Location|Character|ItemKey,0,False
136,遭遇交换奇书,NormalEvent,e16be2e5-0112-467d-b91f-1e60e94fffb4,{0}在{1}向{2}提出交易，希望换取手中的{3}……,Character|Location|Character|ItemKey,0,False
137,遭遇交换奇书,NormalEvent,92bcf2b1-3711-4336-aa6a-28b63f7d188f,{0}在{1}向{2}提出交易，希望换取手中的{3}……,Character|Location|Character|ItemKey,0,False
138,遭遇交换奇书,NormalEvent,cbacdd62-ff8d-4e6f-8655-5d924b40daef,{0}在{1}向{2}提出交易，希望换取手中的{3}……,Character|Location|Character|ItemKey,0,False
139,遭遇窃取奇书成功,NormalEvent,24a28e9b-0d14-41d1-8c67-ef2f96ec5f72,{0}在{1}窃取了{2}手中的{3}。,Character|Location|Character|ItemKey|Integer,0,False
140,遭遇窃取奇书被抓,NormalEvent,8a56b164-7115-4c7f-bf5e-d0cabe2e63ad,{0}在{1}试图窃取{2}手中的{3}……,Character|Location|Character|ItemKey|Integer,0,False
141,遭遇唬骗奇书,SpecialEvent,e5d3f23a-7468-461e-ae95-b873ec052b86,{0}在{1}试图骗取{2}手中的{3}……,Character|Location|Character|ItemKey|Integer,0,False
142,遭遇夺取奇书,SpecialEvent,6b98acdc-46d3-4604-add5-f17ff20cad41,{0}在{1}试图夺取{2}手中的{3}……,Character|Location|Character|ItemKey|Integer,0,False
143,执迷相杀,SpecialEvent,bea538e6-21ea-49c4-b82b-8e9934cef884,奇书现世，引人执迷。{0}行至{1}，竟与执迷之人狭路相逢，遭受袭击……,Character|Location|Character,0,False
144,执迷相杀,SpecialEvent,030aaeef-e59e-4add-a8ce-e34254430cb9,奇书现世，引人执迷。{0}行至{1}，竟与执迷之人狭路相逢，遭受袭击……,Character|Location|Character,0,False
145,执迷相杀,SpecialEvent,70d9be73-bcff-4e02-a470-55b40827a685,奇书现世，引人执迷。{0}行至{1}，竟与执迷之人狭路相逢，遭受袭击……,Character|Location|Character,0,False
146,化身威显,NormalEvent,0e77f1c4-3e7f-4b51-a437-9706a2627e21,奇书现世，引人成魔。因{0}宝典持有之人心性大变，心与魔通，剑冢似乎也与其发生了共鸣……,ItemKey,0,False
147,化身锋敛,NormalEvent,255ce011-b2bb-44bc-9dc7-7c7f8b869a63,奇书影踪，宿昔流转。因{0}宝典易主，心魔蛰伏，剑冢似乎不再与其发生共鸣……,ItemKey,0,False
148,奇书出世,NormalEvent,5f5bbf2e-96d7-4766-9f27-e558a4a6de6b,{1}影踪初现，众多正邪高手逐渐聚集在{0}，只为争夺那流落世间的稀世宝典……,Location|ItemKey,0,False
149,奇书出世,NormalEvent,5e6309b0-b489-4302-868b-16c67f33b726,因{0}放弃，{2}影踪重现，众多正邪高手逐渐聚集在{1}，只为争夺那已然无主的稀世宝典……,Character|Location|ItemKey,0,False
150,奇书出世,NormalEvent,74f2ea8b-1258-4d67-98fe-7e2a68dd0c90,因{0}离世，{2}影踪重现，众多正邪高手逐渐聚集在{1}，只为争夺那已然无主的稀世宝典……,Character|Location|ItemKey,0,False
151,奇书出世,NormalEvent,a2195715-ad40-45d6-8786-356fe4f68a59,因{0}堕魔，{2}影踪重现，众多正邪高手逐渐聚集在{1}，只为争夺那已然无主的稀世宝典……,Character|Location|ItemKey,0,False
152,魂牵梦萦,NormalEvent,b987500e-a0a2-4c7b-9cfd-968fd422d09a,两心相印，如结丝萝，正是恩爱久长情浓时，{0}只欲与{1}共度闲暇……,Character|Character,0,False
153,庆贺生辰,NormalEvent,66ef6731-20e3-4439-ae76-d353485ba95a,{1}已至，此时正是{0}之生月……,Character|Month,0,False
154,情深似海,NormalEvent,33c8f19d-edd3-4f0f-a578-7ac855328edc,{0}与{1}相知相识已有悠悠数载……,Character|Character|Integer,0,False
155,遭受冷落,NormalEvent,4799bea8-5be9-4c06-9db9-8972c6803c26,情人怨遥夜，竟夕起相思。怨怼之情，疾苦难知 ……,Character,0,False
156,醋海翻波,SpecialEvent,849c544c-c42f-42bc-a8b0-aa8166f25aa4,闻有两意，心生嫌隙，{1}似是有话要与{0}说……,Character|Character,0,False
157,风流危机,SpecialEvent,50791f39-a584-4077-855c-712f7a9aebd0,乱花迷眼，故而情之难专，如今{1}、{2}、{3}似是有话要与{0}说……,Character|Character|Character|Character,0,False
158,陪伴孕育,NormalEvent,ed865595-294f-4f01-a8b5-05471ddb7fbc,{1}身怀六甲已有一段时日，{0}日日相伴在侧，琴瑟调和……,Character|Character,0,False
159,万千兄弟,SpecialEvent,27b43a01-08a1-43a5-9db6-9d763e98df92,于江湖中四散寻访{0}下落的群丐似已返回……,Character,0,False
160,万千兄弟,SpecialEvent,51909004-b87d-43a8-8314-c4c2b16069e4,于江湖中四散寻访{0}下落的群丐似已返回……,Character|Location,0,False
161,万千兄弟,SpecialEvent,60d5fd24-78a0-4c69-8464-6045b69e4c3c,于江湖中四散寻访{0}下落的群丐似已返回……,Character,0,False
162,万千兄弟,SpecialEvent,b2c38eb6-111e-4af1-9e0a-161f48eaaa0f,于江湖中四散寻访{0}下落的群丐似已返回……,Character|Location,0,False
163,万千兄弟,SpecialEvent,f519f090-9b64-478d-976b-d076a4642b08,于江湖中四散寻访{0}下落的群丐似已返回……,Text,0,False
164,历灾渡劫,LockedEvent,29104798-3e21-4b86-a0b7-623a4595435b,行满功成日，冲霄得道时。{0}将于{1}踏雷渡劫……,Character|Location,0,False
165,轮回转生,NormalEvent,922803b9-05b1-4e0a-ae1e-a131a9a02a03,{0}依稀梦见佛光普照，霓虹满天，{1}降世于{2}……,Character|Character|Location|Character,0,False
166,难入轮回,NormalEvent,41bc794d-cf11-429d-b9f8-70cc50004cc4,{0}依稀梦见佛光黯然，霓虹残照，{1}前来与自己告别……,Character|Character,0,False
167,化外逍遥,SpecialEvent,b9011e4f-7c31-43c5-b84d-3b5ce32bdaf3,{0}逍遥物外，游心太玄，早已勘破人寿，又何惧日月如流……,Character,0,False
168,奇人相寻,SpecialEvent,0568abcc-847a-4b57-a1d4-e65f0fe4dd67,一日，忽有一陌生之人前来，声称要寻找太吾……,,0,False
169,长生之死,SpecialEvent,6b55253d-f236-4de3-a3bf-f6073edeb39c,时有传言，听闻空桑山深处，曾见青烟缭绕……,,0,False
170,空桑昌盛,SpecialEvent,45ef8b55-17b8-4329-9076-14510b775434,江湖言传，空桑一派药毒双绝，已世无敌手……,,0,False
171,空桑衰落,SpecialEvent,28651c0f-ef75-46fe-bdc5-df0818a21fe1,江湖言传，世有奇毒，空桑难敌，终至落寞……,,0,False
172,血犼妖异,SpecialEvent,c1c1d957-f0d2-4d57-8094-21ff8060db0c,传闻血犼教夜有妖异现身，如今教内人心惶惶……,,0,False
173,血犼妖异,NormalEvent,c1c1d957-f0d2-4d57-8094-21ff8060db0c,传闻血犼教夜有妖异现身，如今教内人心惶惶……,,0,False
174,血犼异事,SpecialEvent,d8878cc0-c603-4a29-b02a-d29706c24673,传闻血犼教夜有异事，如今教内人心惶惶……,,0,False
175,鬼怪拦路,SpecialEvent,e385827e-842e-455f-b53e-69526114a43e,八表同昏，鬼怪当道，前有红衣之影，正拦路而来……,,5,False
176,鬼怪出坟,SpecialEvent,90e3fba9-635b-47e6-b855-52f44bf0fb08,红衣老人的坟墓不知何故，一夜之间损毁消失了……,,0,False
177,血光之灾,SpecialEvent,da6711cd-34e9-4e9e-b69a-1f157a42127e,馀血涂地，朝露微红，此处血光妖异，不知何故……,,5,False
178,僵尸突袭,SpecialEvent,2a7bd0ce-5501-4903-895d-b12ab055f9f1,死者之浊臭渐生，一道血红身影忽而袭来……,,5,False
179,乡亲之睦,SpecialEvent,8cc2a127-f3fb-47a7-b532-d7c720aadcbb,太吾村中，姬穸初来乍到，乡亲邻里关怀备至……,,3,False
180,邻里之爱,SpecialEvent,5a31b540-169d-4d0c-9f9c-1a0e916c1b90,太吾村中，姬穸不习水土，乡亲邻里关怀备至……,,3,False
181,村中怪事,SpecialEvent,aa41ddfb-7486-4936-a4e0-95de149e0866,太吾村中，近日怪事频发，常有夜半诡声……,,5,False
182,山野之王,SpecialEvent,0c0d8040-e32a-4c9b-89e8-d2a66deb77ad,太吾村中，姬穸百无聊赖，意欲前往山中散步……,,3,False
183,太吾佳肴,SpecialEvent,78902930-82c0-45ca-a8cf-d8b69fe45b9e,太吾村中，姬穸饮食不佳，似有几分苦恼……,,5,False
184,姬穸与鸡,SpecialEvent,68208a24-c2ee-4aee-baab-af39b8d520a6,太吾村中，姬穸百无聊赖，似对元鸡心生好奇……,,3,False
185,疑心根种,SpecialEvent,a7fd1ac2-dd4e-4bb2-b3ef-6c5c58d8ec54,太吾村中，姬穸时常行踪不定，似有秘密深藏……,,3,False
186,少女心事,SpecialEvent,1f55792d-0cee-4fe4-8cfc-9bd14cc8bc0f,太吾村中，姬穸似有心事，伫立田边沉思……,,5,False
187,疑梦相悲,SpecialEvent,dcad7254-ec58-4cc2-9137-d03ac4e13f02,心生疑窦，悲梦寥落，太吾村中，怪事频发，真相似已水落石出……,,15,False
188,血犼昌盛,SpecialEvent,067d958c-97b8-4f83-bcbe-7ecabe60e4cb,江湖言传，血犼众人寻得祖师，奉拜鬼王，血犼邪法大成，终得昌盛……,,0,False
189,血犼衰落,SpecialEvent,71808dbc-54e0-44b6-8294-0552e255d74c,江湖言传，血犼祖师遭人镇压，鬼气散尽，血犼邪法难成，终至落寞……,,0,False
190,塔林崩塌,SpecialEvent,08f5d9e1-7129-434c-ae5c-8e93a821cb73,少林寺中，佛塔成林，如今却接连崩塌，不知何故……,,3,False
191,两僧论禅,SpecialEvent,60d1ec84-bbb4-4ea6-8166-958256cff1cc,少林寺中，偶然得遇两僧论禅，不知所论为何……,,5,False
192,老僧入梦,SpecialEvent,3347bc78-93b7-4c5f-9b06-c6a216e6947c,一梦既见佛陀，老僧恰入梦来……,,10,False
193,妙法佛梦,SpecialEvent,fcfce344-8973-47e7-809a-7c68cad15500,心生则佛生，心起则梦起，佛陀难见，禅机难求，缘法何其妙哉……,,10,False
194,机缘未到,NormalEvent,fd31d2eb-bdfd-4ee1-932d-ee4aa9da6ed1,时运虽至，缘法未够，虽得佛陀一梦，却尚未修得正果……,,5,False
195,达摩挑战,NormalEvent,2e13b2da-b596-4fd5-a0a6-2621887e9d7f,梦中习武已久，终有试炼之时，老僧入梦，今日或需一战……,,10,False
196,佛法将成,NormalEvent,6847842a-bd1e-4794-a939-263d2f7a144e,心若清净，无复魔业，如今佛梦之因缘，终得修成……,,15,False
197,佛法将成,NormalEvent,bea0d4a5-9bf8-4cff-8169-2512213ff7b4,心若清净，无复魔业，却知佛法万相，竟已是修成……,,15,False
198,少林昌盛,SpecialEvent,57fae04a-a3e9-4a27-af66-07e0987482dd,江湖言传，少林僧众业已寻得达摩舍利，因受高人点拨，悟得禅机，终得昌盛……,,0,False
199,少林衰落,SpecialEvent,5ad8be88-9798-4595-bbfe-905a0c60a0a9,江湖言传，少林僧众业已寻得达摩舍利，修塔供奉，追捧塑像而不得禅机，终至落寞……,,0,False
200,深夜听琴,SpecialEvent,b3df5518-fcbb-4407-ae57-ab49fba4dd95,璇女弟子本擅音律，途径此处却忽闻琴声，呕哑嘲哳，不成曲调……,,10,False
201,同路而行,SpecialEvent,a17b887c-9028-409d-ba61-ea34c72fd978,一路同行，筠儿之师姐似有几分心事难言，或可闲聊一二……,,5,False
202,孤鸾别鹤,SpecialEvent,989bf6bb-ae10-40da-9eb7-f13dc2d8ecbc,天有不测，世有无常，{0}本已为筠儿寻得系心之人，欲同返璇女之时，却久候不至……,Character,10,False
203,璇女昌盛,SpecialEvent,84c837c7-504c-455b-b65f-aa9d6d162354,江湖言传，璇女一派悟得一明珏之秘，参透世间情爱，终得昌盛……,,0,False
204,璇女衰落,SpecialEvent,3e7ba69b-59b4-40ed-afd4-42c8efef5090,江湖言传，璇女一派不得一明珏之秘，断绝情爱，苦修无果，终至落寞……,,0,False
205,武当闲话,NormalEvent,03546449-7d1a-453e-8676-32b4eecbb76a,此地吵嚷不休，原是一名云游小道正在与旁人讲述近日于武当所见的趣事……,,0,False
206,道长相求,SpecialEvent,af960b8f-513f-4f89-af10-a07e6180a707,翩翩云中鹤，遥遥故人信。{0}于{1}收到一封飞鹤传书……,Character|Location,5,False
207,寻找洞天,NormalEvent,70bebdd1-a192-4175-bf4a-51e4bc9b91a2,{0}灵气郁积，清辉不散，正是神仙洞府所在之地，{1}可以道术再作探查……,Location|Character,0,False
208,武当昌盛,SpecialEvent,2a78b810-5146-4ca3-b867-2650b453d1de,江湖言传，武当众人得先武当祖传道，道心坚定，终得昌盛……,,10,False
209,武当衰落,SpecialEvent,4e19e07c-13fb-4118-92f1-122f1d234cc0,江湖言传，武当众人得先武当祖传道，道心动摇，终至落寞……,,10,False
210,失心人袭击,SpecialEvent,926bcace-f1b1-4b3d-8872-d51defaf8cfc,在{0}遭遇了堕入相枢魔道的{1}袭击！,Location|Character,0,False
211,弟子入魔,SpecialEvent,d96e9f5a-04d3-444a-816d-c4df7fb26a0a,临时文本大量元山弟子入魔,,0,False
212,神入石牢,SpecialEvent,fed84ccf-8d37-4c68-b593-2ee460c3adca,神思迷蒙，神入石牢。,,0,False
213,元山衰落,SpecialEvent,83c11763-4c6c-414d-ab16-5f15e091faa2,江湖言传，元山衰落。,,0,False
214,叛敌来袭,SpecialEvent,2367b03a-7001-4cea-b8d0-6dd401b2199e,烟尘犯海岭，鼓角动狮相。狮相门附近忽然出现大批飞狮堂弟子，争夺地盘，霸道横行，伤及众多无辜百姓！,,5,False
215,远寄音书,SpecialEvent,2ad527af-f91d-46d3-a9a5-882c60089d4c,深意托双鱼，山水万重书。一名陌生人正在{0}寻找太吾传人，似是要替人传信……,Location,3,False
216,久侯无信,SpecialEvent,0e74c5a1-e79a-4449-9067-d7530be59840,在{0}久侯多日，却并未收到狮相门来信，又忽听得路人窃窃私语……,Location,3,False
217,狮相切磋,NormalEvent,2f802ef3-8e97-4f61-a991-88f5fbe3bf44,{0}兴致所至，在{1}提出与{2}切磋狮相绝艺！,Character|Location|Character,0,False
218,狮相衰落,SpecialEvent,f30fe1fc-bd13-45cf-b290-4e470f5820c6,江湖言传，狮相门虽在广东痛歼异族来敌，然士气萎顿，人心涣散，门中多有伤亡。,,10,False
219,民怨载道,SpecialEvent,c598abbf-c486-4ecb-be6f-123b6a29b712,{0}在{1}见到了受苦的百姓,Character|Location,0,False
220,金刚袭来,SpecialEvent,f75577f5-d198-4e4a-8467-f7cffc7c63cc,西域高僧行踪泄露，金刚宗弟子追击而来……,,3,False
221,僧人遭劫,SpecialEvent,676bffe7-07b2-409d-873e-3055fda6abd8,密林深处，一桩血案扑朔迷离……,,5,False
222,驱邪除祟,SpecialEvent,ed39ab40-2295-4a0b-b0fb-4ed6865b5091,行路匆匆之时，偶遇当地村民，愿出手为{0}煨桑驱邪……,Character,0,False
223,高僧显灵,SpecialEvent,fe50e807-84d5-4da3-b8fd-e56d04ff3ff7,恍惚睡梦，又见高僧魂灵，不知轮回之事有何不测……,,10,False
224,古刹传闻,NormalEvent,5c8591ab-b9b4-44ce-bc6d-a1cc6c5d9c75,坊间似有古刹遗迹传言，玄乎异常，不知虚实……,,0,False
225,金刚昌盛,SpecialEvent,437cce36-d3c1-481c-af00-75edcf125fcb,江湖言传，无量金刚宗寻获稀世宝经，传经弘法，人人称颂，终得昌盛……,,10,False
226,金刚衰落,SpecialEvent,b5c4c984-0587-4da0-b292-1f20548dbd95,江湖言传，无量金刚宗作恶多端，佛怒人怨，乃至西域香火断绝，终至落寞……,,10,False
227,无名蛊毒,SpecialEvent,aaf1e541-cd5d-4778-85d9-2326a95a2ca5,{0}行路途中，忽感不适，竟身受莫名损伤……,Character,3,False
228,五仙昌盛,SpecialEvent,5f0a82a3-2731-4ce3-b4d3-862cc68697ed,江湖言传，五仙教弟子敬奉鬼神，尊爱自然，五仙之地民性质朴，和气如春……,,10,False
229,五仙衰落,SpecialEvent,6b8df43e-efc2-4aa2-a7eb-49fcf02d73d5,江湖言传，五仙教弟子为修习苗疆秘术，以致身心悲苦，哀郁不绝……,,10,False
230,五仙衰落,SpecialEvent,c10c1a24-dafe-491a-9eea-64b08123539b,江湖言传，五仙教弟子为修习苗疆秘术，以致身心悲苦，哀郁不绝……,,10,False
231,五仙异事,SpecialEvent,a9db6b16-b367-44b1-9b76-80892ed1f173,五仙教近日不知何故，竟是怪事频发，以致人心惶惶……,,3,False
232,心毒发作,SpecialEvent,,中五圣心毒的人给玩家下毒,,0,False
233,心毒发作,NormalEvent,3f76f33a-8abc-4879-ad6b-c651aa52398a,在{1}与心毒发作的{0}狭路相逢，遭遇袭击！,Character|Location,0,False
234,峨眉昌盛,SpecialEvent,2746de35-3335-4ee2-82ab-501ac340cccc,江湖言传，峨眉派诛杀恶妖，拨乱反正，从此了悟祖师秘籍真谛，终得昌盛……,,0,False
235,峨眉衰落,SpecialEvent,40656ea6-96ca-4b22-9f86-96ef6ae4a15c,江湖言传，峨眉派祖师秘籍尽皆信手涂鸦，门中弟子无人知其真意，修行受阻，终至落寞……,,0,False
236,界青昌盛,SpecialEvent,22deaa19-d549-49f4-b7f7-8bcc1f0e641c,玉蝉传信，界青门内乱已平，门中宿怨就此了断，无谓的内斗伤亡自此消弭，终至昌盛……,,0,False
237,界青衰落,SpecialEvent,c19e6756-c231-4c22-bb92-14ce813bec71,江湖言传，界青门内乱不止，门人死伤惨重，界青自此一蹶不振，终至落寞……,,0,False
238,血犼空墓,NormalEvent,fe479d84-2400-4751-9f3a-99af9e2b9f88,青冢应埋魂，幽宫坟已空，传言血犼教弟子寻得祖师之墓，墓中却已是空空如也……,,3,False
239,血犼寻人,SpecialEvent,65c3a6ab-3443-4da9-b9f1-ab35e514cef3,血犼教弟子似正在四方寻人，作恶不止，势要问得{0}踪迹……,Character,3,False
240,不速之客,SpecialEvent,40e09cf5-15c9-4c41-961a-26003ba91e07,忽有不速之客自血犼教不请自来，气势汹汹，想必来者不善……,,5,False
241,华居来访,SpecialEvent,85b0efd1-4674-4a9a-8c75-2266726ec428,{0}于{1}结识了一名然山派玉符宗弟子……,Character|Location,3,False
242,玄质来访,SpecialEvent,c973d8d3-3bf1-4b7d-9f0b-e1cdd0e90947,{0}于{1}结识了一名然山派神剑宗弟子……,Character|Location,3,False
243,迎娇来访,SpecialEvent,f653a3a1-3481-433c-9413-cef06235dd8a,{0}于{1}结识了一名然山派阴阳宗弟子……,Character|Location,3,False
244,然山昌盛,SpecialEvent,6a39447f-793d-4b27-b7e9-568824a42a77,江湖言传，然山一派于上届三宗比武当中，得立派祖师鬼谷子真传，终得昌盛……,,1,False
245,然山衰落,SpecialEvent,96c45490-928f-49e0-afc8-2072c8d0ddf7,江湖言传，然山一派于上届三宗比武当后，迷失仙途，日渐衰落……,,1,False
246,老僧入梦,SpecialEvent,20a4c183-a9ee-4381-865a-798fcb3d557b,一梦既见佛陀，老僧恰入梦来……,,15,False
247,老僧入梦,SpecialEvent,fa0acdb4-0250-4991-b953-1ac00bc6122c,一梦既见佛陀，老僧恰入梦来……,,15,False
248,了悟禅武,SpecialEvent,3b261a2c-eea8-4a2a-af07-4be334a00837,灭除恶业，三业清净。诸法虚妄，此心终得禅武之道……,,10,False
249,机缘未到,NormalEvent,fd31d2eb-bdfd-4ee1-932d-ee4aa9da6ed1,时运虽至，缘法未够，虽得佛陀一梦，却尚未修得正果……,,3,False
250,求知若渴,NormalEvent,2ff827bb-2f5e-494e-9d42-ee6838f3ac61,未知道义，寻人为师。{0}求知若渴，在{1}请求{3}赠予{2}……,Character|Location|ItemKey|Character,3,False
251,求知若渴,NormalEvent,a86a19e6-e10a-4ea2-94fa-318f97418e0e,未知道义，寻人为师。{0}求知若渴，在{1}请求{3}相助解读{2}……,Character|Location|ItemKey|Character,3,False
252,捷报频传,NormalEvent,c16f1945-aa6b-4e2f-8278-daad37c08ab3,眼望捷旌旗，耳听好消息。狮相门羽书捷至，血战功成，振奋人心！,,3,False
253,狮相昌盛,SpecialEvent,b719c0b9-8f69-409e-a20a-6c16f0f8056a,江湖言传，狮相门与太吾传人在广东痛歼异族来敌，破军杀将！,,10,False
254,老僧挑战,NormalEvent,2e13b2da-b596-4fd5-a0a6-2621887e9d7f,梦中习武已久，终有试炼之时，老僧入梦，今日或需一战……,,0,False
255,佛法将成,NormalEvent,6847842a-bd1e-4794-a939-263d2f7a144e,心若清净，无复魔业，如今佛梦之因缘，终得修成……,,0,False
256,佛法将成,NormalEvent,bea0d4a5-9bf8-4cff-8169-2512213ff7b4,心若清净，无复魔业，却知佛法万相，竟已是修成……,,0,False
257,狮相来信,SpecialEvent,956394bd-b511-41cc-ab62-d037470ec1c8,闻道烽烟动，红云映戎装。狮相门战事休罢，驰书托{0}……,Character,5,False
258,捷报频传,NormalEvent,038f7b78-93dc-4b64-81de-bdfd9d8979bd,眼望捷旌旗，耳听好消息。狮相门羽书捷至，血战功成，振奋人心！,,3,False
259,异族来敌,SpecialEvent,38e13a25-c1db-4850-a71a-91f84a0a9509,戎马鸣金鼙鼓震，万民牵衣顿足拦道哭，异族来敌进犯广东！,,10,False
260,狮相烽火,SpecialEvent,c0e7e5e5-d4db-4499-b2bf-2de32038ddd0,莲花山万籁俱寂，不闻人语犬吠，狮相门烽火将熄，旌旗欲倒……,,0,False
261,堂主捷报,SpecialEvent,dad2487c-6534-4130-a2da-aec5784fa83d,江湖传闻：狮相门飞狮堂堂主雷坤英勇善战，已尽数驱灭盘踞于莲花山的一众外道……,,5,False
262,邪祟来袭,NormalEvent,f87e13e8-96e5-4590-a979-312530279465,神木之周，邪祟现世，正要前往啃食神木……,,0,False
263,神木凋萎,NormalEvent,45870f83-4919-4241-b15b-a3f6e644ec47,神木凋敝，死灰不燃。位于{0}的神木遭到相枢爪牙毁坏！,Location,0,False
264,道长来信,SpecialEvent,72431c90-738c-4944-8832-c6b8148c14e2,翩翩云中鹤，遥遥故人信。{0}于{1}收到邋遢道长所赠包裹……,Character|Location,5,False
265,树下遇仙,SpecialEvent,ee6f37d3-32e0-47e3-9c25-d082ee1240cd,{0}于{1}依稀梦见，位于{3}的神木树下浮瑞霭，得道之真人乘风来，看来仙缘已至……,Character|Location|Character|Location,10,False
266,遇到爪牙,SpecialEvent,0f499b42-2aba-4987-a60b-a00d5e75b84e,千劫不尽，邪秽将至。{0}在位于{1}的神木树下与邪祟狭路相逢……,Character|Location,5,False
267,道长来信,SpecialEvent,6dea23a6-af77-4a03-b41b-d8ff0308252a,翩翩云中鹤，遥遥故人信。{0}于{1}收到邋遢道长的书信……,Character|Location,5,False
268,锦书谁寄,SpecialEvent,290e09c4-e3f3-4891-8d99-780fbcf36c15,{0}行路途中，忽有一封无名书信传来……,Character,3,False
269,偶遇神医,SpecialEvent,6b9402df-12b2-400d-9132-b294b2bda8c3,{0}近来体有抱恙，寝食难安之时，恰遇医者前来探问……,Character,5,False
270,神秘来客,SpecialEvent,2f1aad09-e04e-41e6-84b9-0639980ade8b,{0}行路途中，忽有黯然神伤之人匆匆寻来，不知何故……,Character,5,False
271,明镜有灵,NormalEvent,18cdf205-9302-4054-baed-a1ac6a541f53,一明珏旁，玄感忽生，似有千山幻梦忽而显现镜中……,,3,False
272,孤鸾别鹤,SpecialEvent,82826966-26b7-4b56-829e-80851430fc25,世有无常，幻化成空，{0}本已为筠儿寻得系心之人，却因路途遥远，未能及时返回，忽而生变……,Character,5,False
273,孤鸾悲音,SpecialEvent,0177e00a-f900-457a-abd3-ac7bffd3cbcf,璇女派中流言忽起，只道夜半璇女峰顶，哀歌乍响，却不见人影徘徊，极是吊诡……,,3,False
274,永世之音,SpecialEvent,610b431a-a4a3-46e7-9119-9a6f34e42858,既已得了纸张，便可将《孤鸾镜水谣》装订为一册曲谱集……,,5,False
275,隔世重逢,SpecialEvent,56f6b54f-2e83-46eb-8798-d263d542a61c,{0}已为筠儿寻得系心之人，既已返回璇女峰中，还需速速前去相见……,Character,5,False
276,神木灵化,NormalEvent,7f06e8eb-e8c2-4364-ab5d-b4425ba5b7a5,神木至灵，则有山川之化。位于{0}的神木萎绝凋敝，其灵源养被{0}万物……,Location,0,False
277,魔念侵扰,SpecialEvent,1d97e2a9-ff13-4f07-81de-a9ae167f1f5d,{0}在{1}受到相枢魔念侵扰…,Character|Location,15,False
278,邪祟来袭,NormalEvent,78442db8-b67b-4bff-a01b-18a59907eca4,神木之周，邪祟现世，正要前往啃食神木…,,0,False
279,似曾相识,SpecialEvent,b2f60857-1468-4241-9884-5f3533e0194d,前尘已尽，因缘未了，在{1}忽遇{0}前来寻访…,Character|Location,1,False
280,指点武学,NormalEvent,54a700fe-f097-4cec-a5cd-9cbb68587524,{0}在{1}有意指点{2}一些{3}的习练法门…,Character|Location|Character|CombatSkill,0,False
281,身怀六甲,NormalEvent,11211fd5-8cfd-4113-a948-f5e587cdea1a,{0}在{1}感应到腹中胎气…,Character|Location,0,False
282,野性难驯,SpecialEvent,1a53cd4f-b022-46ff-915c-0da6a6044a41,{0}在{1}不受驯驭，忽然野性大发…,CharacterTemplate|Location|ItemKey|Location,0,False
283,村中急信,SpecialEvent,583308f4-2ade-4ec5-831e-dcfca90d4e98,事出反常，必有蹊跷。太吾村中传来急信，却不知所为何事……,,1,False
284,长蛟茁长,NormalEvent,8e36522c-c6df-4516-a478-724a06cc3fec,在{0}收到来自蛟池的消息：近日{1}虽有成长，然情态却异乎寻常……,Location|JiaoLoong,0,False
285,囚牛笙歌,NormalEvent,02c1b765-7d54-4c3a-a3ab-7718e2e20092,{1}常伴{0}身侧，日日无忧无虑，自在快活，今日却颇有几分不寻常之处……,Character|JiaoLoong,0,False
286,睚眦必报,NormalEvent,11dcfeeb-4c76-41cf-b08a-8fc907457706,{1}常伴{0}身侧，日日无忧无虑，自在快活，今日却颇有几分不寻常之处……,Character|JiaoLoong|Character,0,False
287,嘲风秘报,NormalEvent,4991f260-4991-4f1e-9cec-681d8202a71c,{1}常伴{0}身侧，日日无忧无虑，自在快活，今日却颇有几分不寻常之处……,Character|JiaoLoong|Character,0,False
288,蒲牢巨声,NormalEvent,8248d3a2-4688-4c38-a09a-e4ddd3a28e69,{1}常伴{0}身侧，日日无忧无虑，自在快活，今日却颇有几分不寻常之处……,Character|JiaoLoong|Cricket,0,False
289,狻猊嬉斗,NormalEvent,a3fb0a88-1cee-4b52-b587-676af7a2c0cc,{1}常伴{0}身侧，日日无忧无虑，自在快活，今日却颇有几分不寻常之处……,Character|JiaoLoong|Item|Integer,0,False
290,霸下觅宝,NormalEvent,843fefb2-3dae-47e6-897a-8d343c5c8f89,{1}常伴{0}身侧，日日无忧无虑，自在快活，今日却颇有几分不寻常之处……,Character|JiaoLoong,0,False
291,狴犴持衡,NormalEvent,919d1214-b3ae-46e0-84a0-21898e812138,{1}常伴{0}身侧，日日无忧无虑，自在快活，今日却颇有几分不寻常之处……,Character|JiaoLoong,0,False
292,负屃舞文,NormalEvent,d774a0d8-62c5-4691-88b9-51ff3c981c29,{1}常伴{0}身侧，日日无忧无虑，自在快活，今日却颇有几分不寻常之处……,Character|JiaoLoong|Item|Integer,0,False
293,螭吻养内,NormalEvent,c7a6bef9-8418-4ff4-9554-99826ad85792,{1}常伴{0}身侧，日日无忧无虑，自在快活，今日却颇有几分不寻常之处……,Character|JiaoLoong,0,False
294,小龙袭击,SpecialEvent,6be0d9de-1e17-49b6-a25b-bf0b162d30fb,{0}在{1}遭遇了{2}的袭击！,Character|Location|CharacterTemplate,0,False
295,育蛟有成,SpecialEvent,0db9a1eb-1206-4de6-bd06-dad4fc294af2,在{0}收到来自蛟池的消息：近日{1}发荣滋长，已有化为龙子之质……,Location|JiaoLoong,0,False
296,五仙来信,SpecialEvent,99b77a8f-0bd2-409b-a647-c2c11a10cd6c,于{1}收到一封古怪的信件，似乎乃是五仙来信……,Character|Location,5,False
297,僧人来访,SpecialEvent,076691a0-9b1a-4d8a-a2e7-81802d55744f,一人传十，十人传百，有中原僧人听闻西域高僧美名，慕名前来……,,5,False
298,金刚来信,NormalEvent,35edba36-194a-47dd-8198-17f1fcb48855,迟迟未见西域高僧，金刚宗中竟传书催促，步步紧逼……,Character,0,False
299,信受奉行,SpecialEvent,fc5dd1ce-07bb-41c9-a49c-28317470f30a,世人各有信念，自觉欢喜，信受奉行。焚香礼佛本为寻常，{0}却忽有奇闻……,Character,5,False
300,经书秘闻,SpecialEvent,f0c3de42-c5b1-41e4-8a65-d0c1b03c2be5,高僧苦思多日，终有所得……,,5,False
301,高僧托梦,SpecialEvent,cef4e4b5-6f81-4da1-937e-ffe0dbb837b8,万千法相，朦胧颠倒，不知何方僧人梦中说梦……,,3,False
302,真经何求,SpecialEvent,b48ad5b0-cdde-488f-8ced-a589e9b5d065,高僧行踪再次成谜，{0}却再见金刚弟子……,Character,15,False
303,百姓受害,SpecialEvent,38eb8243-00ca-4b34-b9aa-6f37142fc360,无量金刚宗囚禁村人，戕害不辜，此地百姓未得解救，终是血流成河……,,2,False
304,再入轮回,SpecialEvent,5110afaa-5b5f-4a8f-ab7a-affe2142b541,因{0}相助，高僧魂灵终得再入轮回……,Character,3,False
305,魂灵消散,SpecialEvent,5381846f-e1e6-4720-9601-6aadd02313ec,轮回台中，业已空空，魂灵缥缈，不知去处……,,3,False
306,偶遇妇人,SpecialEvent,90e11369-75ee-45d7-a1ea-752432cfc7d9,于{0}遇到一名神情焦急的妇人，她似乎有话欲要告知太吾……,Location,5,False
307,鲤跃龙门,SpecialEvent,e0bdd40f-b647-4534-b11e-efee1d634c9f,黄河三尺鲤，本在孟津居，点额不成龙，归来伴凡鱼。,,3,False
308,仙鹤传书,NormalEvent,c55bb515-e8bd-4d7b-b8f4-40ef920ed614,{0}行路途中，收到一只古怪纸鹤……,Character,0,False
309,恍若隔世,SpecialEvent,6b84caac-74c7-4761-b334-edea12fdb200,仙家诸事，扑朔迷离，{0}于{1}陷入沉思……,Character|Location,5,False
310,仙鹤回翔,SpecialEvent,6121c37a-f66a-421c-84dc-687ed3da8568,{0}行路途中，收到古怪纸鹤若干……,Character,15,False
311,百花奇事,SpecialEvent,c3a4819a-d6c5-41a8-a1a7-9fc32e33f6b2,山水翠，草木芳，本是人间少有地，奈何有邪物打破了此地的宁静……,,5,False
312,初梦前尘,SpecialEvent,28d549b7-455b-4c36-af78-0503c0ffb10a,星月黯淡，万物沉寂，一段前尘，现于{0}梦中……,Character,5,False
313,再梦前尘,SpecialEvent,bf5b18e1-1f00-49be-80e2-643bd140244b,星月黯淡，万物沉寂，一段前尘，复现于{0}梦中……,Character,5,False
314,无忧来访,SpecialEvent,846051d7-ad0b-4bcb-a30b-6cebb0c1dd3d,一段时日之后，一名黑衣少年前来拜访{0}……,Character,3,False
315,百花昌盛,SpecialEvent,913fed24-2151-4a4a-98ad-9f2521346617,江湖言传，白鹿泽遭受大劫，百花谷上下万众一心，成功度过此劫……,,1,False
316,百花衰落,SpecialEvent,5c2dc280-8ef4-4db0-a257-c51aacd26988,江湖言传，白鹿泽遭受大劫，百花谷无力应对，落得元气大伤……,,1,False
317,杀人夺心,SpecialEvent,9bef300e-ef1e-469f-bbc6-51150d229421,听闻近日有一白衣少女于{0}杀人夺心，以致当地人人自危……,Location,3,False
318,商队拜访,SpecialEvent,1e31b702-bf2f-4b0a-98b3-aee867a030a5,太吾传人复归，商队特意前来拜访…,,0,False
319,弟子报恩,SpecialEvent,0a9a6fc4-c89c-4fd3-b9c9-617bec8d5fcd,于{0}遇见一名门派弟子，此人似是来报答太吾传人的救命之恩……,Location,0,False
320,夺心之人,SpecialEvent,8404e31c-de4d-4e12-9348-58b3ac3281a9,静夜沉沉，白影破空，“杀人夺心”的元凶终于显露踪迹……,,10,False
321,毁人神智,SpecialEvent,0423001e-3c3b-444c-8489-316577f0eede,听闻近日有一黑衣少年于{0}毁人神智，以致当地人人自危……,Location,3,False
322,毁神之人,SpecialEvent,a8d1cbf3-fa48-4531-be5e-7a5b18328b95,清光皎皎，黑影如团，“毁人神智”的元凶终于显露踪迹……,,10,False
323,巨鹰袭击,SpecialEvent,6b485099-1127-463c-9c03-15e5ce447c77,近日，太吾村边常见鸢飞戾天，似有猛禽往复徘徊，玄鸮受其袭扰，身已负伤……,,10,False
324,野兽嚎叫,SpecialEvent,1eeb6a45-7b08-444e-aaee-90058e390433,近日，太吾村边常闻狼嗥鬼啸，似有猛兽横行出没，白鹿受其惊吓，终日惶惶……,,10,False
325,遭遇死气,SpecialEvent,0fc236fd-a4b8-46aa-a79c-548590829b8b,异臭扑鼻，黑气障目，在{1}与身患神秘疯症的{0}狭路相逢！,Character|Location,0,False
326,复生之人,SpecialEvent,930e3d91-1359-429e-89fe-5f51d30c64b7,死气氤氲，怪风膻腥之地，却见一道人影正矗立其中……,,10,False
327,莫问前后,SpecialEvent,c8c22efb-45d9-43aa-a5d2-0205d7d67d07,于{0}遇见一只脖间系着锦囊的小鹿，它似是为传书信而来……,Location,3,False
328,玄鸮之乐,SpecialEvent,e263db09-a1bf-4c67-9523-68120b08a2d9,玄鸮与白鹿长居太吾村中，每日优哉游哉，步月寻溪……,,3,False
329,白鹿之乐,SpecialEvent,0bfac0cb-d58e-4407-be7c-c9ebe6a2a6f4,玄鸮与白鹿长居太吾村中，每日优哉游哉，步月寻溪……,,3,False
330,回首故村,NormalEvent,770e03ff-41d1-4cf2-b708-b51139e8ebb7,玄鸮与白鹿长居太吾村中，每日优哉游哉，步月寻溪……,,3,False
331,天灾降临,SpecialEvent,b70eadf1-eb09-495c-a79a-87afdf0afe3e,赤明岛近日频发奇异天灾，伏龙坛上下皆道是天降祥瑞，为请真龙降世，已开始筹备祭龙盛典……,,3,False
332,神秘黑影,SpecialEvent,3d9ad75c-b824-41a9-9a6a-4713f7577aed,伏龙坛中，好似暗藏神秘黑影，不知究竟有何图谋……,,3,False
333,琉璃传信,SpecialEvent,1ead611e-b08e-459d-8080-5d4b7cbaa6e8,琉璃暂居伏龙坛中，似有话欲说，托付大王前来传信……,,3,False
334,伏龙昌盛,SpecialEvent,4f3f231f-8ecd-4a92-95c7-4aa20c45521c,江湖言传，伏龙坛攘除内奸外患，幡然醒悟，从此信仰再无动摇，同德同心，终得昌盛……,,1,False
335,伏龙衰弱,SpecialEvent,57202af8-fe7c-4eb4-a138-597a4885033d,江湖言传，真龙终得降世，却弃伏龙坛腾飞而去，伏龙坛从此心灰意冷，人心混乱，终至落寞……,,1,False
336,追捕罪犯,SpecialEvent,4181db5d-146e-4041-a2b8-a67b51e3c784,{0}被{1}拦住去路，道是奉命前来追捕要犯……,Character|Character|Character,0,False
337,刑期已满,SpecialEvent,045159b3-1dcb-41b1-90cb-e2dc87584fee,关押在{1}的{0}的刑期已满，即将获释……,Character|Settlement,0,False
338,狂徒搜刮,SpecialEvent,8cb7e0f9-b760-4371-a22a-3fcd6511a485,在{0}遭遇伏龙狂徒拦路勒索，称若不交出供奉，便即刻命丧此地！,Location|Character,3,False
339,狂徒搜刮,NormalEvent,5aa1a3db-2ce4-4b2f-89ce-71af8a9d7344,{0}在{1}遭遇伏龙狂徒拦路勒索供奉，身陷困境……,Character|Location|Character,0,False
340,请求庇护,NormalEvent,c260de56-3539-4f31-b483-cfd007694f21,{0}在{1}遭遇伏龙狂徒拦路抢劫，请求{2}代其出手……,Character|Location|Character|Character,0,False
341,齐心救火,NormalEvent,ab430470-0b26-4741-980b-f3e7c6ad9829,赤明岛地区正有野火燎原，周遭百姓陷入绝境，幸得{0}舍身相救……,Character,0,False
342,灾后异相,NormalEvent,ff47d62e-9266-48cd-892f-84c6cfd194f5,赤明岛上，天火终于息止，此日却忽得伏龙坛来信……,,0,False
343,施医赠药,NormalEvent,293b9c34-011f-4a84-b5d4-d98f6ab37b64,{0}在{1}向{2}提议助其调理内息…,Character|Location|Character|Integer,0,False
344,施医赠药,NormalEvent,128ba978-1862-41d5-94e6-88ed537586d8,{0}在{1}向{2}提议助其治病复元…,Character|Location|Character|Integer,0,False
345,村民衣衫,SpecialEvent,eb3b3430-7a82-4c95-b132-b97f03927302,玉尺剪裁工，衣衫巧样缝。太吾村民听闻村中新设{0}席位，于是制得{1}……,OrgGrade|Item,0,False
346,追捕罪犯,SpecialEvent,d742c92c-470a-496c-8b4a-eccddcc8baee,在{2}被{0}拦住去路，称奉命前来追捕{1}！,Character|Character|Location,0,False
347,糊涂传人,SpecialEvent,312200ad-cd01-4017-b72b-5553f53acfa0,{0}行路途中，遇到两小童戏耍打闹……,Character|Location,2,False
348,烟雨湛卢,SpecialEvent,ab6e5243-7190-46d5-b705-2e0b9d5f2928,铸剑山庄内外交困，难以下手，{0}不禁陷入沉思……,Character,2,False
349,青铜开口,SpecialEvent,44e9bb3d-ef56-48e1-964d-f88a5d6b1362,{0}于{1}结识了一名匠人……,Character|Location,2,False
350,回春药堂,SpecialEvent,a7ba8c41-b982-4a94-b38e-f5b5591121ad,{0}于{1}偶遇了一名商会掌柜……,Character|Location,2,False
351,铸剑昌盛,SpecialEvent,ea10b5f6-2949-4f98-b357-29f2138c0e02,江湖言传，铸剑山庄众人为无愧匠心，摒除成见，齐心铸出神兵，终得昌盛……,,1,False
352,铸剑衰落,SpecialEvent,0961ceb0-22a9-4f8d-8fb0-473a5428e807,江湖言传，铸剑山庄众人因执意效仿先祖，耗费资材过甚，终至落寞……,,1,False
353,界青惩戒,SpecialEvent,90d1b5bf-647e-4bf9-95b2-1eb27c839383,因刻有{0}姓名的密令被投入无生渊，在{1}遭到界青杀手的袭击…,Character|Location|Character,0,False
354,追捕身死,SpecialEvent,cf762b69-2903-443a-a81c-35b6795a48c1,{0}在押送{1}返回门派途中死亡…,Character|Character,0,False
355,辟魔御邪,SpecialEvent,0a5307c0-cf82-49d2-939f-decb93bc8e80,太吾村危机当前，{0}只得涉危履险，一力拒守……,Character|Integer,0,False
356,上贡促织,SpecialEvent,bee8d7e8-96a4-425f-a7ae-8849fbd27d73,秋气肃金，一名江湖人士受人所托，前来拜访{0}……,Character,0,False
357,促织入梦,NormalEvent,82c1d4f9-e47c-4c09-8ed8-2fb3c72e30a4,{0}在{1}梦见一只奇异的促织！,Character|Location|Character,0,False
358,诛魔试炼,SpecialEvent,07fcefdf-5ccd-41fb-bac6-7544cc5602e4,{0}行路途中，忽得少林派传来书信一封……,Character,1,False
359,重申信誓,NormalEvent,11b71084-0d5e-4f1b-aec0-e2e2a73ecc78,重申太吾村{2}石碑信誓，{1}遣弟子与{0}相见…,Character|Settlement|Settlement|Integer,0,False
360,收养弃婴,NormalEvent,35dbcaf7-a830-419e-9fea-2b2cf88b8bfb,太吾村民在太吾村外偶遇一弃婴，意欲将其收养至村中……,Character|Character|Integer,0,False
361,神入石牢,SpecialEvent,b854baa1-4de8-4f4d-8916-be69d94935ba,月初辉，星渐稀，{0}不知何故，忽而神思恍惚，如坠梦中……,Character,1,False
362,元山衰落,SpecialEvent,51b5d1fd-1ab8-4470-9e39-abf5e16a99aa,江湖言传，元山一派除魔无道，执念过极，已然忘却初心，终致人心渐失……,,1,False
363,神木凋萎,NormalEvent,45870f83-4919-4241-b15b-a3f6e644ec47,神木凋敝，死灰不燃。位于{0}的神木遭到相枢爪牙毁坏！,Location,0,False
364,遇到爪牙,SpecialEvent,0f499b42-2aba-4987-a60b-a00d5e75b84e,千劫不尽，邪秽将至。{0}在位于{1}的神木树下与邪祟狭路相逢……,Character|Location,5,False
365,冷月孤影,SpecialEvent,7717d608-aff7-4f66-8a89-1442351471bb,月皎风冷冷，罗幌见孤影……,,1,False
366,白鹤寄书,SpecialEvent,3cd8b3be-2d87-404e-961e-ef1853f362ec,翩然云间鹤，飞来锦字笺。这一日，收到一封来自武当的书信……,,1,False
367,武当故人,SpecialEvent,93e54782-ff9f-45a8-83b2-3bf34d859189,一别数月，思及故人，遥望武当山上，似见倩影依稀……,,1,False
368,筠儿托梦,NormalEvent,04ca1b04-8e7b-4341-bdda-df1dd0f9b4dd,孤峰玉镜系尘缘，故人重逢在梦中……,,1,False
369,竹鹊传信,SpecialEvent,c75b4df3-37b5-4b5b-84a5-17a4a4629cdb,竹鹊传信引机巧，似有玄机暗中藏……,,1,False
370,小童观戏,SpecialEvent,c4885f82-4587-4722-a3c6-a64740a076e3,前面街口处热闹非凡，似有一出戏目正在上演……,,1,False
371,思望苗疆,SpecialEvent,43b9b8d0-a26d-4b15-857e-427f38090b60,春雨桑柘绿，秋风粳稻香。正值金秋时节，苒心毒南望故里，不由思乡心切……,,1,False
372,鼓音传蛊,SpecialEvent,3bfad54d-33d0-4bb8-912e-ce55b9ae2c37,鼓声彭彭，乱人心曲，不知自何处传来……,,1,False
373,鼓蛊赠毒,NormalEvent,94a925be-ee96-4238-b299-f1838de50a74,这一日，鼓蛊自幽谷深涧归来，携回珍奇毒物……,,1,False
374,天外世界,SpecialEvent,5e07f19a-8260-4a6d-ae47-b2363ce2a8c4,{0}入一明珏游历三千幻境，遍探山海，饱览奇观，如今终于自镜中归来……,Character,1,False
375,幽风传讯,NormalEvent,8d2eaf39-e803-4e31-b936-88c4d3c0d7a4,前尘未断，今风又起，故人远信，斯事何所……,,1,False
376,幽夜昔别,NormalEvent,66c87f4f-1674-44be-982e-6cb53b11dd6e,幽幽月芒，悠悠阴风，故人所来，将为何事……,,1,False
377,故人无音,NormalEvent,f7738aa4-e6bb-42b9-970f-65f5fa8caa9a,故人已别，了无音讯……,,1,False
378,千里姻缘,NormalEvent,861cf963-dace-4203-abfd-f5b702a179c4,{0}欲成姻缘喜事，却因心存迷惘，特意寄来一封书信……,Character,0,False
379,心毒问鼎,SpecialEvent,8d4fd6c7-9622-41a5-9f6c-8d52d16f077f,休憩于野，修行于心，仍有旧事自相寻……,,1,False
380,旧事重寻,SpecialEvent,80b1d2f3-a0f4-4369-8548-815f90578012,狮相门已有回音，飞狮堂旧部应召而至，愿与太吾传人细说前尘……,,1,False
381,若生来信,SpecialEvent,6f4733ff-5112-4caf-9e75-a713e992edfc,岭路千重，故人信至。这一日，太吾村民捧匣而来，言为故人人所寄……,,1,False
382,三气入梦,SpecialEvent,a1e0cfcd-7bb8-46e0-af45-8f068c37f48a,梦中阵法聚三气，群兽结势为哪般……,,1,False
383,纸鹤传书,NormalEvent,0e12e8d5-595c-4cf7-ad6e-f8db69d5cbb1,这一日天高云阔，却见群鸟中混有一只古怪纸鹤……,,0,False
384,然山邪祟,SpecialEvent,9093d64c-b86d-4d7b-a401-d47423ef40d7,前方凉亭有两位青衣道长相对而谈，却不知为何皆是满面愁容……,,0,False
385,心境深处,SpecialEvent,90d82569-41b6-4e4e-9c89-511d0a663fc5,万象纷纭，终归其一；千般执障，不过心尘。这一日有故人寻来，似是有喜讯相告……,,0,False
386,村人异事,NormalEvent,5f64f539-8f01-4339-9fa5-50ca4b8c12a9,一名村人自远处逃窜而来，神色惶惑，魂不附体……,,1,False
387,夜半惊魂,NormalEvent,1b60bd1f-81e9-4e8c-b071-ea3c39f95841,夜半时分，疑有惊魂鬼影，忽尔乍现……,,1,False
388,元鸡落羽,NormalEvent,d7c301c2-28b5-4193-a757-4134c7308aca,太吾村中，似有急讯传来……,,1,False
389,琉璃制衣,SpecialEvent,c64ef6a1-31d7-4675-a3fa-18fed993a8e9,琉璃缝制羽衣数日，如今似有所成……,,1,False
390,风起故尘,NormalEvent,6bdab49e-effd-4494-8980-75ee3936c9ed,百花谷相寻，所为何事……,,1,False
391,小庙雨宿,NormalEvent,39a8edfe-6da8-48e4-ba2d-6698f79ea1a9,雨欲来，风萧萧，行路之时愈发艰难……,,1,False
392,少林来信,NormalEvent,f20ac1e5-dcc4-4d1a-b1ff-1257e6c4b65b,少林寺中，似有高僧传信而来……,,1,False
393,跃马听香,NormalEvent,4c525bbc-0cda-4fba-a413-ed21e071224a,良辰吉日，同乐共欢，有一“宛渠之民”喜气洋洋而来……,,0,False
394,继承遗赠,NormalEvent,00f15b2f-f022-415c-8bbc-974b62b5c731,{0}于{1}获得来自{2}的遗赠……,Character|Location|Character,0,False
395,金丝化烬,SpecialEvent,b376ad01-17c0-4b86-88f9-65bda8a59dd6,这一日，不知何故，{0}怀中锦囊忽生异动……,Character,1,False
396,仙公寻仙,NormalEvent,8ab5fa85-a29f-40a9-ba5d-1222b833517b,月落星沉，夜阑风静，{0}诸事萦怀，不觉沉沉睡去，长梦之中，依稀望见徐仙公身影……,Character,0,False
397,神火黑焰,NormalEvent,7500e798-17fa-4c8d-a659-ee38aed40e85,月落星沉，夜阑风静，{0}诸事萦怀，不觉沉沉睡去，长梦之中，依稀望见两道相仿的身影……,Character,0,False
398,无绡遗魄,NormalEvent,57457dd5-1207-4445-8029-1de2c3568dd5,月落星沉，夜阑风静，{0}诸事萦怀，不觉沉沉睡去，长梦之中，依稀望见紫无绡身影……,Character,0,False
399,无绡遗魄,NormalEvent,6ae729e2-2a8e-4cd9-862b-d7f98906556a,月落星沉，夜阑风静，{0}诸事萦怀，不觉沉沉睡去，长梦之中，依稀望见紫无绡身影……,Character,0,False
400,无绡遗魄,NormalEvent,8e85412f-612c-4cf1-afda-0e40127d8095,月落星沉，夜阑风静，{0}诸事萦怀，不觉沉沉睡去，长梦之中，依稀望见紫无绡身影……,Character,0,False
401,三途邪魔,SpecialEvent,2563c817-6487-4887-933d-28a24cbb79af,月残星隐，天地无光，忽闻马蹄声急，一骑如星流而至！,,0,False
402,火途邪魔,SpecialEvent,754cddba-a47e-4d4f-87c7-df3aa1a7db90,永堕三途，万劫不复。在{0}与火途邪魔狭路相逢，遭遇袭击！,Location,0,False
403,血途邪魔,SpecialEvent,64414d03-ca11-44ce-bb54-4d278751c269,永堕三途，万劫不复。在{0}与血途邪魔狭路相逢，遭遇袭击！,Location,0,False
404,刀途邪魔,SpecialEvent,d107f930-c790-4994-8fd7-585c65d91eb9,永堕三途，万劫不复。在{0}与刀途邪魔狭路相逢，遭遇袭击！,Location,0,False
405,仙公遗骸,SpecialEvent,048708bc-d9c0-4d96-a5fb-3a2afb67c4b1,是夜，{0}辗转难眠之际，忽见一道灰影悄然近前……,Character,0,False
406,促织幻形,NormalEvent,75df1f92-1c4d-4657-bb89-94adbc30df59,太吾村蛰室常有灵光明灭不定，夜半隐现人形，村中传言是有{0}幻化为人……,Cricket|ItemKey,0,False
407,虫灵之陨,SpecialEvent,d5a09f17-e854-44e3-a7df-aced32db04b0,{0}已然性命垂危，化作{1}重新回到{2}行囊……,Character|Cricket|Character,0,False
408,七星血光,SpecialEvent,df95ee05-11c7-4833-ba77-ea92d72132a2,破军孤悬，七星血光未息，不知此夜星象，又是何等光景……,,0,False
409,无名秘信,SpecialEvent,e864ce92-956b-48c4-b151-ac3bc9b0ba36,这一日，不知何人留下一封无名秘信……,,0,False
410,摔珠之期,SpecialEvent,00f84f77-6235-446b-b487-a8a65e5e1ebe,昔日与万恶约定的摔珠之期已至，是否依约碎珠，终须有所决断……,,0,False
411,界青故人,SpecialEvent,1b4fc7cd-014f-4733-8bc0-1fa450fe9dcd,自界青崖下一别，已是数日，不知玉蝉的伤势如今可有好转……,,0,False
412,界青杀机,SpecialEvent,41eb899b-95fb-4762-a248-9981681e0019,身负死令，界青杀手果然循踪而来……,,0,False
413,宛渠赠礼,NormalEvent,1ae5ffc2-f43e-48da-961e-f1dd4a5359bb,晨雾未散，有一“宛渠之民”满怀歉意而来……,,0,False
414,宛渠赠礼,NormalEvent,b168ba4c-748b-42b4-a570-7a9324872d53,云散雾消，明月入怀，有一“宛渠之民”面带憧憬而来……,,0,False
415,新衣贺春,NormalEvent,d7d21946-5459-4b85-9656-c950d337838a,良辰吉日，同乐共欢，有一“宛渠之民”喜气洋洋而来……,,0,False
416,碧霄蛇影,NormalEvent,ca46b04a-3067-46ad-a547-de3191a5babf,良辰吉日，同乐共欢，有一“宛渠之民”喜气洋洋而来……,,0,False
417,老僧探访,SpecialEvent,783afcfd-6537-4b40-b1ac-bab48ec78fd3,此日，只见室述辅忧心忡忡，忽尔来访……,,0,False
418,初见铁盘,SpecialEvent,fcc0b529-a066-405a-ae37-427fd1347080,此日行路途中，忽见一名太吾村人，匆匆赶来……,,0,False
419,初遇魔血,SpecialEvent,d6df742c-4c41-41a7-b81f-a5b2cd314578,{0}睡梦之中，似见血迹蜿蜒，流经玄石………,Character,0,False
420,欲念侵心,NormalEvent,71221a46-347b-4ab3-b676-e733552cbd88,{0}独坐空帷，不觉绮念丛生，拂之难去，欲断还连………,Character,0,False
421,魔血异动,NormalEvent,b38ab968-0d95-43d1-9d47-a2723ec41d85,血光明灭，低语幽然，伏虞剑柄似有异动！,,0,False
422,剑斗之邀,NormalEvent,cfa70d54-9665-44ed-9808-6ea0f76b0c78,大岳瑶常寻来，欲要比斗一番……,,0,False
423,龙吟神髓,NormalEvent,6a66f37e-d5d2-4360-88a9-65ddc5919504,卫起若有所思，身中龙魂不断显现……,,0,False
424,雪落空寂,NormalEvent,6c16d7ef-ff41-40ab-a550-5bc3c6800dd0,入冬以来，九寒始终独自雕琢雪像，对其余事情充耳不闻……,,0,False
425,金戈铁军,NormalEvent,c5ba4903-f2d7-4a2c-81ee-29c9b407fe04,血枫自称重组铁军，邀太吾传人前去一观……,,0,False
426,繁花蜃景,NormalEvent,4af50620-2da9-4c15-a5ba-2160930aea53,异火飘摇，桃花纷落，似有白狐在林中游窜……,,0,False
427,痴念建木,NormalEvent,727cb2c7-6813-439d-a728-91fce80ff801,以向木然呆坐，凝然不动，不知在痴想什么……,,0,False
428,春酒醉人,NormalEvent,28ac040c-51ac-4639-b4c8-9611d8a13ee7,金凰儿手捧美酒，轻舞欢歌，欲邀人共饮……,,0,False
429,雨后绮梦,NormalEvent,508bc995-cc29-44df-87ab-9711101349cc,暴雨倾落，昏然欲睡，似有绮梦邀人入眠……,,0,False
430,灵鸟宿缘,NormalEvent,db533aed-31fa-4691-bf35-90dbd05bbcb4,灵鸟啼鸣，如泣如诉，似有宿缘未了，只待重逢……,,0,False
431,仙猿传闻,NormalEvent,073072d7-9878-455a-81dd-65f3ed9cd824,峨眉山间，似有奇闻异事悄然流传……,,0,False
432,修行之果,SpecialEvent,ca72de3b-cceb-4b5f-8064-837d6aacc83f,小白猿修行尚未有成，峨眉山间，却忽生异事……,,0,False
433,修得人身,SpecialEvent,c76232f6-91c0-4426-a480-c57ffbc4af8c,得{0}一番点拨，小白猿修行日久，终有所成……,Character,0,False
434,春宵一刻,NormalEvent,193e8c2e-1c08-420d-9dd0-9a09a0eee1d3,春宵一刻值千金，花有清香月有阴……,Character|Location|Integer,0,False
435,莫女寸心,SpecialEvent,95fad450-18b0-418d-a4fc-7c2af954d8f1,{0}心结已解，其剑柄隐隐泛光，剑柄中功法已然精深……,Character,0,False
436,莫女入潭,SpecialEvent,d9f9c493-525a-4b2a-9043-e829c81f6351,{0}劫数难消，其剑柄微微震颤，剑柄中功法已然凝炼……,Character,0,False
437,伏邪斩恶,SpecialEvent,25e21fa8-6532-4258-9b15-2581780458bd,{0}心结已解，其剑柄隐隐泛光，剑柄中功法已然精深……,Character,0,False
438,伏邪舍断,SpecialEvent,37a4dd4e-67ff-49f5-80b6-4f6247987fc2,{0}劫数难消，其剑柄微微震颤，剑柄中功法已然凝炼……,Character,0,False
439,大玄凝洪,SpecialEvent,dfb910b3-1347-4e45-8c1f-71ca28eec09e,{0}心结已解，其剑柄隐隐泛光，剑柄中功法已然精深……,Character,0,False
440,大玄诉亡,SpecialEvent,2d0241a2-b83b-4e1e-973c-d3b3c4d1b80b,{0}劫数难消，其剑柄微微震颤，剑柄中功法已然凝炼……,Character,0,False
441,凤凰贺世,SpecialEvent,e5b1dc59-ef7e-4021-8f72-04529a849353,{0}心结已解，其剑柄隐隐泛光，剑柄中功法已然精深……,Character,0,False
442,凤凰破空,SpecialEvent,3f444e89-54fe-4ac3-8577-8d562a331705,{0}劫数难消，其剑柄微微震颤，剑柄中功法已然凝炼……,Character,0,False
443,焚神归狐,SpecialEvent,11c47cfa-8151-40ec-8c60-917606fa4a9c,{0}心结已解，其剑柄隐隐泛光，剑柄中功法已然精深……,Character,0,False
444,焚神残恸,SpecialEvent,7e70da16-5ae1-4b89-8494-ece8592a1b68,{0}劫数难消，其剑柄微微震颤，剑柄中功法已然凝炼……,Character,0,False
445,解龙舍命,SpecialEvent,0cf97222-9913-4490-8d78-cd8090d67f0b,{0}心结已解，其剑柄隐隐泛光，剑柄中功法已然精深……,Character,0,False
446,解龙舍身,SpecialEvent,ccaf504d-882a-4b65-9ed7-fcbe9d6456cd,{0}劫数难消，其剑柄微微震颤，剑柄中功法已然凝炼……,Character,0,False
447,溶尘无剑,SpecialEvent,32189e35-bf0f-4718-bfe6-7f387569e2ae,{0}心结已解，其剑柄隐隐泛光，剑柄中功法已然精深……,Character,0,False
448,溶尘无心,SpecialEvent,01b3ddda-e0b2-4c8b-948c-4507229a262a,{0}劫数难消，其剑柄微微震颤，剑柄中功法已然凝炼……,Character,0,False
449,六合囚魔,SpecialEvent,21e983e7-af72-4789-880a-d86dca16af37,{0}心结已解，其剑柄隐隐泛光，剑柄中功法已然精深……,Character,0,False
450,囚魔无赦,SpecialEvent,089f691e-34cb-4db2-be56-a63c5b4a5558,{0}劫数难消，其剑柄微微震颤，剑柄中功法已然凝炼……,Character,0,False
451,昆仑神霞,SpecialEvent,42359edc-a013-4aaf-a7a6-35ce09b60ed5,{0}心结已解，其剑柄隐隐泛光，剑柄中功法已然精深……,Character,0,False
452,魔瞳神霞,SpecialEvent,6fd1914c-99b2-423a-baeb-199c4f9a18ef,{0}劫数难消，其剑柄微微震颤，剑柄中功法已然凝炼……,Character,0,False
453,化身传讯,SpecialEvent,71768bfe-630c-4d89-a59a-9d1fba5b2483,这一日，神剑剑柄震动，似是一位紫竹化身遥遥传讯而至……,Character|Character,0,False
454,剑光捷报,SpecialEvent,add6a761-09b0-42dc-9418-46e485c902f9,这一日，忽见天边一道剑光破空而来……,Character|Character,0,False
455,故人传讯,SpecialEvent,181f83fa-9290-4488-8f8f-42970b29de20,这一日，忽见一位江湖隐士飞身而来……,Character|Character,0,False
456,故人捷报,SpecialEvent,2c493f32-894b-42ab-a8f3-d29968998c0c,这一日，七元铁盘隐隐发烫，似有故人遥遥传讯而至……,Character|Character,0,False
457,无念传讯,SpecialEvent,92f24cba-207e-4404-a35b-7282ac216841,这一日，一位无念众暗中传讯而至……,Character,0,False
458,心念捷报,SpecialEvent,35f2cd40-dc81-42fe-97a7-4ed5dc986fb0,这一日，忽见一位心念化身迎上前来……,Character,0,False
459,剑柄异动,SpecialEvent,,降服邪仙之事渐有眉目，这一日，伏虞剑柄又一阵躁动……,,0,False
460,月濯紫尘,SpecialEvent,ee1b6934-e487-425f-a48a-aee8beccb7ad,邪仙尚未尽除，如此深夜时分，徐仙公急急相寻，所为何事？,,0,False
461,子夜生变,SpecialEvent,417802c9-3f5c-42a2-b6be-80b90315f0c4,夜半子时，天地昏蒙，一阵嘈杂之声却骤然响起……,,0,False
462,异火焚天,SpecialEvent,bc629427-0ddc-41b4-a514-4051a1c229bb,万籁俱寂，阴云蔽月，忽而一道异火冲天而起，撕开沉沉夜幕……,,0,False
463,青焰异动,NormalEvent,d9ad221e-007e-455b-8cbd-6815f3ee1ef8,繁星盈野，月隐于穹。忽闻道旁窸窣之声，似有故人披星而来……,,0,False
464,星运入世,SpecialEvent,6220450f-8422-4ed9-8429-670f16a8af5b,暮色四合，星子渐明。数日不见，玉蝉已似与往日不同……,,0,False
465,剑冢异动,SpecialEvent,45e14fc7-a3a4-4047-83b7-4539a0447efc,剑冢{0}所在之处异变丛生，似有可怖之物已破冢而出！,SwordTomb,0,False
466,风波乍起,SpecialEvent,b7cf3cd2-8974-4656-b198-d972e0071c61,行路途中，一名峨眉弟子行迹匆匆，径直迎面而来……,,10,False
467,峨眉山月,SpecialEvent,5989ddc3-b90f-4424-84e7-f429bd36bbe6,峨峨峻岭，峰衔新月，此夜峨眉山中，却有几分不同寻常……,,10,False
468,掌门密信,SpecialEvent,834e5c91-0a63-407e-ad3b-10a985e2ecb0,峨眉派中，忽而传来一封密信……,,5,False
469,峨眉急信,SpecialEvent,91ee8490-d829-4b6f-b0cb-5e50f04b26a8,峨眉派中，忽而传来一封急信……,,5,False
470,白猿送果,SpecialEvent,4ff86c7a-e226-4281-8258-998cd6f0caf7,白猿幽居山林，心中仍然挂念{0}……,Character,3,False
471,峨眉之谢,SpecialEvent,86572435-f138-42c7-a272-605a18525340,此日，忽有一名峨眉弟子寻来，欲要称谢……,,3,False
472,江湖行客,SpecialEvent,cc935baf-42ff-4c6f-b020-404b0aa8a218,峨眉事了，风波既平，各路前来相助的江湖侠客纷纷前来辞别……,,0,False
473,怨恨横生,NormalEvent,dfcecb89-dd6d-436d-92fb-e3bbf861e6d8,{1}在{2}受邪仙赤鸿子蛊惑，竟无端对{0}心生怨恨……,Character|Character|Location,0,False
474,护法袭击,SpecialEvent,3f58831b-c7c0-4bae-a80f-f7ab0cf987b6,受邪仙破烬上人驱使，化作魔天护法的{1}忽向途径近旁的{0}暴起发难……,Character|Character,0,False
475,无明杀机,SpecialEvent,6b45b3f7-818b-435d-b63e-853c213f7a64,妄动无明，杀心顿生。因邪仙八九剑隐作祟，{1}心中唯余杀念，向途经近旁的{0}袭来！,Character|Character,0,False
476,痴念横生,NormalEvent,794d7193-fdc0-4477-9135-07fe9ae766f3,{1}在{2}受邪仙真丹圣女的蛊惑，竟无端对{0}心生爱慕痴缠之念……,Character|Character|Location,0,False
477,青山依旧,NormalEvent,d6f71a46-b457-4df2-876c-fd112fe07bd0,雨霁云开，青山依旧，有一“宛渠之民”满怀感激而来……,,0,False
478,八载同舟,NormalEvent,7f9147c3-ea22-400b-b623-b97a3c165d70,八载同舟，劫波共渡，有一“宛渠之民”满怀感激而来……,,0,False
479,尸魔袭击,SpecialEvent,ae435dbf-e7d5-42fa-86b1-482237da54db,因邪仙活骨师作祟，坟冢中钻出的的尸魔向途径近旁的{0}袭来！,Character|Character,0,False
