TemplateId,Desc,Parameters,SkillGrowOdds,ResourceList,ResourceGoods,ItemList,BuildingCore,ItemGradeProbList,LearnLifeSkillProb,LearnCombatSkillProb,ExchangeResourceGoods,RecruitPeopleProb,RecruitPeopleProbAdd,AttainmentFix,CharacterPropertyFix,CharacterPropertyFixNum,ShopEventType,Priority
0,顺利地进行了捕捞工作，收获了{0}…,[Item; ; ; ; ; ],5,[0],-1,[PresetInventoryItem{Type: 5; TemplateId: 56; Amount: 20; SpawnChance: 100}; PresetInventoryItem{Type: 5; TemplateId: 57; Amount: 10; SpawnChance: 100}; PresetInventoryItem{Type: 5; TemplateId: 58; Amount: 0; SpawnChance: 100}; PresetInventoryItem{Type: 5; TemplateId: 59; Amount: -15; SpawnChance: 100}; PresetInventoryItem{Type: 5; TemplateId: 77; Amount: 20; SpawnChance: 100}; PresetInventoryItem{Type: 5; TemplateId: 78; Amount: 10; SpawnChance: 100}; PresetInventoryItem{Type: 5; TemplateId: 79; Amount: 0; SpawnChance: 100}; PresetInventoryItem{Type: 5; TemplateId: 80; Amount: -15; SpawnChance: 100}],100,[],10,0,-1,[],[],[],-1,[],0,0
1,顺利地进行了采炼工作，收获了{0}…,[Item; ; ; ; ; ],5,[2],-1,[PresetInventoryItem{Type: 5; TemplateId: 21; Amount: 20; SpawnChance: 100}; PresetInventoryItem{Type: 5; TemplateId: 22; Amount: 10; SpawnChance: 100}; PresetInventoryItem{Type: 5; TemplateId: 23; Amount: 0; SpawnChance: 100}; PresetInventoryItem{Type: 5; TemplateId: 24; Amount: -15; SpawnChance: 100}],101,[],10,0,-1,[],[],[],-1,[],0,0
2,顺利地进行了采伐工作，收获了{0}…,[Item; ; ; ; ; ],5,[1],-1,[PresetInventoryItem{Type: 5; TemplateId: 0; Amount: 20; SpawnChance: 100}; PresetInventoryItem{Type: 5; TemplateId: 1; Amount: 10; SpawnChance: 100}; PresetInventoryItem{Type: 5; TemplateId: 2; Amount: 0; SpawnChance: 100}; PresetInventoryItem{Type: 5; TemplateId: 3; Amount: -15; SpawnChance: 100}],102,[],10,0,-1,[],[],[],-1,[],0,0
3,顺利地进行了整修工作，收获了{0}…,[Item; ; ; ; ; ],5,[2; 3],-1,[PresetInventoryItem{Type: 5; TemplateId: 14; Amount: 20; SpawnChance: 100}; PresetInventoryItem{Type: 5; TemplateId: 15; Amount: 10; SpawnChance: 100}; PresetInventoryItem{Type: 5; TemplateId: 16; Amount: 0; SpawnChance: 100}; PresetInventoryItem{Type: 5; TemplateId: 17; Amount: -15; SpawnChance: 100}; PresetInventoryItem{Type: 5; TemplateId: 28; Amount: 20; SpawnChance: 100}; PresetInventoryItem{Type: 5; TemplateId: 29; Amount: 10; SpawnChance: 100}; PresetInventoryItem{Type: 5; TemplateId: 30; Amount: 0; SpawnChance: 100}; PresetInventoryItem{Type: 5; TemplateId: 31; Amount: -15; SpawnChance: 100}],103,[],10,0,-1,[],[],[],-1,[],0,0
4,顺利地进行了培育工作，收获了{0}…,[Item; ; ; ; ; ],5,[5],-1,[PresetInventoryItem{Type: 5; TemplateId: 140; Amount: 10; SpawnChance: 100}; PresetInventoryItem{Type: 5; TemplateId: 141; Amount: -15; SpawnChance: 100}; PresetInventoryItem{Type: 5; TemplateId: 144; Amount: 10; SpawnChance: 100}; PresetInventoryItem{Type: 5; TemplateId: 145; Amount: -15; SpawnChance: 100}; PresetInventoryItem{Type: 5; TemplateId: 148; Amount: 10; SpawnChance: 100}; PresetInventoryItem{Type: 5; TemplateId: 149; Amount: -15; SpawnChance: 100}; PresetInventoryItem{Type: 5; TemplateId: 152; Amount: 10; SpawnChance: 100}; PresetInventoryItem{Type: 5; TemplateId: 153; Amount: -15; SpawnChance: 100}; PresetInventoryItem{Type: 5; TemplateId: 156; Amount: 10; SpawnChance: 100}; PresetInventoryItem{Type: 5; TemplateId: 157; Amount: -15; SpawnChance: 100}; PresetInventoryItem{Type: 5; TemplateId: 160; Amount: 10; SpawnChance: 100}; PresetInventoryItem{Type: 5; TemplateId: 161; Amount: -15; SpawnChance: 100}; PresetInventoryItem{Type: 5; TemplateId: 164; Amount: 10; SpawnChance: 100}; PresetInventoryItem{Type: 5; TemplateId: 165; Amount: -15; SpawnChance: 100}; PresetInventoryItem{Type: 5; TemplateId: 168; Amount: 10; SpawnChance: 100}; PresetInventoryItem{Type: 5; TemplateId: 169; Amount: -15; SpawnChance: 100}; PresetInventoryItem{Type: 5; TemplateId: 172; Amount: 10; SpawnChance: 100}; PresetInventoryItem{Type: 5; TemplateId: 173; Amount: -15; SpawnChance: 100}; PresetInventoryItem{Type: 5; TemplateId: 176; Amount: 10; SpawnChance: 100}; PresetInventoryItem{Type: 5; TemplateId: 177; Amount: -15; SpawnChance: 100}; PresetInventoryItem{Type: 5; TemplateId: 180; Amount: 10; SpawnChance: 100}; PresetInventoryItem{Type: 5; TemplateId: 181; Amount: -15; SpawnChance: 100}; PresetInventoryItem{Type: 5; TemplateId: 184; Amount: 10; SpawnChance: 100}; PresetInventoryItem{Type: 5; TemplateId: 185; Amount: -15; SpawnChance: 100}; PresetInventoryItem{Type: 5; TemplateId: 188; Amount: 10; SpawnChance: 100}; PresetInventoryItem{Type: 5; TemplateId: 189; Amount: -15; SpawnChance: 100}; PresetInventoryItem{Type: 5; TemplateId: 192; Amount: 10; SpawnChance: 100}; PresetInventoryItem{Type: 5; TemplateId: 193; Amount: -15; SpawnChance: 100}; PresetInventoryItem{Type: 5; TemplateId: 196; Amount: 10; SpawnChance: 100}; PresetInventoryItem{Type: 5; TemplateId: 197; Amount: -15; SpawnChance: 100}; PresetInventoryItem{Type: 5; TemplateId: 200; Amount: 10; SpawnChance: 100}; PresetInventoryItem{Type: 5; TemplateId: 201; Amount: -15; SpawnChance: 100}; PresetInventoryItem{Type: 5; TemplateId: 204; Amount: 10; SpawnChance: 100}; PresetInventoryItem{Type: 5; TemplateId: 205; Amount: -15; SpawnChance: 100}; PresetInventoryItem{Type: 5; TemplateId: 208; Amount: 10; SpawnChance: 100}; PresetInventoryItem{Type: 5; TemplateId: 209; Amount: -15; SpawnChance: 100}; PresetInventoryItem{Type: 5; TemplateId: 212; Amount: 10; SpawnChance: 100}; PresetInventoryItem{Type: 5; TemplateId: 213; Amount: -15; SpawnChance: 100}; PresetInventoryItem{Type: 5; TemplateId: 216; Amount: 10; SpawnChance: 100}; PresetInventoryItem{Type: 5; TemplateId: 217; Amount: -15; SpawnChance: 100}; PresetInventoryItem{Type: 5; TemplateId: 220; Amount: 10; SpawnChance: 100}; PresetInventoryItem{Type: 5; TemplateId: 221; Amount: -15; SpawnChance: 100}; PresetInventoryItem{Type: 5; TemplateId: 224; Amount: 10; SpawnChance: 100}; PresetInventoryItem{Type: 5; TemplateId: 225; Amount: -15; SpawnChance: 100}; PresetInventoryItem{Type: 5; TemplateId: 228; Amount: 10; SpawnChance: 100}; PresetInventoryItem{Type: 5; TemplateId: 229; Amount: -15; SpawnChance: 100}; PresetInventoryItem{Type: 5; TemplateId: 232; Amount: 10; SpawnChance: 100}; PresetInventoryItem{Type: 5; TemplateId: 233; Amount: -15; SpawnChance: 100}],104,[],10,0,-1,[],[],[],-1,[],0,0
5,顺利地进行了培育工作，收获了{0}…,[Item; ; ; ; ; ],5,[5],-1,[PresetInventoryItem{Type: 5; TemplateId: 236; Amount: 20; SpawnChance: 100}; PresetInventoryItem{Type: 5; TemplateId: 237; Amount: 10; SpawnChance: 100}; PresetInventoryItem{Type: 5; TemplateId: 238; Amount: 0; SpawnChance: 100}; PresetInventoryItem{Type: 5; TemplateId: 239; Amount: -15; SpawnChance: 100}; PresetInventoryItem{Type: 5; TemplateId: 243; Amount: 20; SpawnChance: 100}; PresetInventoryItem{Type: 5; TemplateId: 244; Amount: 10; SpawnChance: 100}; PresetInventoryItem{Type: 5; TemplateId: 245; Amount: 0; SpawnChance: 100}; PresetInventoryItem{Type: 5; TemplateId: 246; Amount: -15; SpawnChance: 100}; PresetInventoryItem{Type: 5; TemplateId: 250; Amount: 20; SpawnChance: 100}; PresetInventoryItem{Type: 5; TemplateId: 251; Amount: 10; SpawnChance: 100}; PresetInventoryItem{Type: 5; TemplateId: 252; Amount: 0; SpawnChance: 100}; PresetInventoryItem{Type: 5; TemplateId: 253; Amount: -15; SpawnChance: 100}; PresetInventoryItem{Type: 5; TemplateId: 257; Amount: 20; SpawnChance: 100}; PresetInventoryItem{Type: 5; TemplateId: 258; Amount: 10; SpawnChance: 100}; PresetInventoryItem{Type: 5; TemplateId: 259; Amount: 0; SpawnChance: 100}; PresetInventoryItem{Type: 5; TemplateId: 260; Amount: -15; SpawnChance: 100}; PresetInventoryItem{Type: 5; TemplateId: 264; Amount: 20; SpawnChance: 100}; PresetInventoryItem{Type: 5; TemplateId: 265; Amount: 10; SpawnChance: 100}; PresetInventoryItem{Type: 5; TemplateId: 266; Amount: 0; SpawnChance: 100}; PresetInventoryItem{Type: 5; TemplateId: 267; Amount: -15; SpawnChance: 100}; PresetInventoryItem{Type: 5; TemplateId: 271; Amount: 20; SpawnChance: 100}; PresetInventoryItem{Type: 5; TemplateId: 272; Amount: 10; SpawnChance: 100}; PresetInventoryItem{Type: 5; TemplateId: 273; Amount: 0; SpawnChance: 100}; PresetInventoryItem{Type: 5; TemplateId: 274; Amount: -15; SpawnChance: 100}],105,[],10,0,-1,[],[],[],-1,[],0,0
6,顺利地进行了采集工作，收获了{0}…,[Item; ; ; ; ; ],5,[4],-1,[PresetInventoryItem{Type: 5; TemplateId: 49; Amount: 20; SpawnChance: 100}; PresetInventoryItem{Type: 5; TemplateId: 50; Amount: 10; SpawnChance: 100}; PresetInventoryItem{Type: 5; TemplateId: 51; Amount: 0; SpawnChance: 100}; PresetInventoryItem{Type: 5; TemplateId: 52; Amount: -15; SpawnChance: 100}],106,[],10,0,-1,[],[],[],-1,[],0,0
7,顺利地进行了挖掘工作，收获了{0}…,[Item; ; ; ; ; ],5,[3],-1,[PresetInventoryItem{Type: 5; TemplateId: 35; Amount: 20; SpawnChance: 100}; PresetInventoryItem{Type: 5; TemplateId: 36; Amount: 10; SpawnChance: 100}; PresetInventoryItem{Type: 5; TemplateId: 37; Amount: 0; SpawnChance: 100}; PresetInventoryItem{Type: 5; TemplateId: 38; Amount: -15; SpawnChance: 100}],107,[],10,0,-1,[],[],[],-1,[],0,0
8,顺利地进行了采集工作，收获了{0}…,[Item; ; ; ; ; ],5,[0; 1],-1,[PresetInventoryItem{Type: 5; TemplateId: 70; Amount: 20; SpawnChance: 100}; PresetInventoryItem{Type: 5; TemplateId: 71; Amount: 10; SpawnChance: 100}; PresetInventoryItem{Type: 5; TemplateId: 72; Amount: 0; SpawnChance: 100}; PresetInventoryItem{Type: 5; TemplateId: 73; Amount: -15; SpawnChance: 100}; PresetInventoryItem{Type: 5; TemplateId: 7; Amount: 20; SpawnChance: 100}; PresetInventoryItem{Type: 5; TemplateId: 8; Amount: 10; SpawnChance: 100}; PresetInventoryItem{Type: 5; TemplateId: 9; Amount: 0; SpawnChance: 100}; PresetInventoryItem{Type: 5; TemplateId: 10; Amount: -15; SpawnChance: 100}],108,[],10,0,-1,[],[],[],-1,[],0,0
9,顺利地进行了猎捕工作，收获了{0}…,[Item; ; ; ; ; ],5,[0; 4],-1,[PresetInventoryItem{Type: 5; TemplateId: 63; Amount: 20; SpawnChance: 100}; PresetInventoryItem{Type: 5; TemplateId: 64; Amount: 10; SpawnChance: 100}; PresetInventoryItem{Type: 5; TemplateId: 65; Amount: 0; SpawnChance: 100}; PresetInventoryItem{Type: 5; TemplateId: 66; Amount: -15; SpawnChance: 100}; PresetInventoryItem{Type: 5; TemplateId: 42; Amount: 20; SpawnChance: 100}; PresetInventoryItem{Type: 5; TemplateId: 43; Amount: 10; SpawnChance: 100}; PresetInventoryItem{Type: 5; TemplateId: 44; Amount: 0; SpawnChance: 100}; PresetInventoryItem{Type: 5; TemplateId: 45; Amount: -15; SpawnChance: 100}],109,[],10,0,-1,[],[],[],-1,[],0,0
10,顺利地进行了提炼工作，收获了{0}…,[Item; ; ; ; ; ],5,[2],-1,[PresetInventoryItem{Type: 5; TemplateId: 21; Amount: 20; SpawnChance: 100}; PresetInventoryItem{Type: 5; TemplateId: 22; Amount: 10; SpawnChance: 100}; PresetInventoryItem{Type: 5; TemplateId: 23; Amount: 0; SpawnChance: 100}; PresetInventoryItem{Type: 5; TemplateId: 24; Amount: -15; SpawnChance: 100}; PresetInventoryItem{Type: 5; TemplateId: 25; Amount: -30; SpawnChance: 100}; PresetInventoryItem{Type: 5; TemplateId: 26; Amount: -45; SpawnChance: 100}],110,[],15,0,-1,[],[],[],-1,[],0,0
11,顺利地进行了采炼工作，收获了{0}…,[Item; ; ; ; ; ],5,[2],-1,[PresetInventoryItem{Type: 5; TemplateId: 14; Amount: 20; SpawnChance: 100}; PresetInventoryItem{Type: 5; TemplateId: 15; Amount: 10; SpawnChance: 100}; PresetInventoryItem{Type: 5; TemplateId: 16; Amount: 0; SpawnChance: 100}; PresetInventoryItem{Type: 5; TemplateId: 17; Amount: -15; SpawnChance: 100}; PresetInventoryItem{Type: 5; TemplateId: 18; Amount: -30; SpawnChance: 100}; PresetInventoryItem{Type: 5; TemplateId: 19; Amount: -45; SpawnChance: 100}],111,[],15,0,-1,[],[],[],-1,[],0,0
12,顺利地进行了采伐工作，收获了{0}…,[Item; ; ; ; ; ],5,[1],-1,[PresetInventoryItem{Type: 5; TemplateId: 0; Amount: 20; SpawnChance: 100}; PresetInventoryItem{Type: 5; TemplateId: 1; Amount: 10; SpawnChance: 100}; PresetInventoryItem{Type: 5; TemplateId: 2; Amount: 0; SpawnChance: 100}; PresetInventoryItem{Type: 5; TemplateId: 3; Amount: -15; SpawnChance: 100}; PresetInventoryItem{Type: 5; TemplateId: 4; Amount: -30; SpawnChance: 100}; PresetInventoryItem{Type: 5; TemplateId: 5; Amount: -45; SpawnChance: 100}],112,[],15,0,-1,[],[],[],-1,[],0,0
13,顺利地进行了采伐工作，收获了{0}…,[Item; ; ; ; ; ],5,[1],-1,[PresetInventoryItem{Type: 5; TemplateId: 7; Amount: 20; SpawnChance: 100}; PresetInventoryItem{Type: 5; TemplateId: 8; Amount: 10; SpawnChance: 100}; PresetInventoryItem{Type: 5; TemplateId: 9; Amount: 0; SpawnChance: 100}; PresetInventoryItem{Type: 5; TemplateId: 10; Amount: -15; SpawnChance: 100}; PresetInventoryItem{Type: 5; TemplateId: 11; Amount: -30; SpawnChance: 100}; PresetInventoryItem{Type: 5; TemplateId: 12; Amount: -45; SpawnChance: 100}],113,[],15,0,-1,[],[],[],-1,[],0,0
14,顺利地进行了培育工作，收获了{0}…,[Item; ; ; ; ; ],5,[5],-1,[PresetInventoryItem{Type: 5; TemplateId: 140; Amount: 10; SpawnChance: 100}; PresetInventoryItem{Type: 5; TemplateId: 144; Amount: 10; SpawnChance: 100}; PresetInventoryItem{Type: 5; TemplateId: 148; Amount: 10; SpawnChance: 100}; PresetInventoryItem{Type: 5; TemplateId: 152; Amount: 10; SpawnChance: 100}; PresetInventoryItem{Type: 5; TemplateId: 156; Amount: 10; SpawnChance: 100}; PresetInventoryItem{Type: 5; TemplateId: 160; Amount: 10; SpawnChance: 100}; PresetInventoryItem{Type: 5; TemplateId: 164; Amount: 10; SpawnChance: 100}; PresetInventoryItem{Type: 5; TemplateId: 168; Amount: 10; SpawnChance: 100}; PresetInventoryItem{Type: 5; TemplateId: 172; Amount: 10; SpawnChance: 100}; PresetInventoryItem{Type: 5; TemplateId: 176; Amount: 10; SpawnChance: 100}; PresetInventoryItem{Type: 5; TemplateId: 180; Amount: 10; SpawnChance: 100}; PresetInventoryItem{Type: 5; TemplateId: 184; Amount: 10; SpawnChance: 100}; PresetInventoryItem{Type: 5; TemplateId: 188; Amount: 10; SpawnChance: 100}; PresetInventoryItem{Type: 5; TemplateId: 192; Amount: 10; SpawnChance: 100}; PresetInventoryItem{Type: 5; TemplateId: 196; Amount: 10; SpawnChance: 100}; PresetInventoryItem{Type: 5; TemplateId: 200; Amount: 10; SpawnChance: 100}; PresetInventoryItem{Type: 5; TemplateId: 204; Amount: 10; SpawnChance: 100}; PresetInventoryItem{Type: 5; TemplateId: 208; Amount: 10; SpawnChance: 100}; PresetInventoryItem{Type: 5; TemplateId: 212; Amount: 10; SpawnChance: 100}; PresetInventoryItem{Type: 5; TemplateId: 216; Amount: 10; SpawnChance: 100}; PresetInventoryItem{Type: 5; TemplateId: 220; Amount: 10; SpawnChance: 100}; PresetInventoryItem{Type: 5; TemplateId: 224; Amount: 10; SpawnChance: 100}; PresetInventoryItem{Type: 5; TemplateId: 228; Amount: 10; SpawnChance: 100}; PresetInventoryItem{Type: 5; TemplateId: 232; Amount: 10; SpawnChance: 100}; PresetInventoryItem{Type: 5; TemplateId: 141; Amount: -15; SpawnChance: 100}; PresetInventoryItem{Type: 5; TemplateId: 145; Amount: -15; SpawnChance: 100}; PresetInventoryItem{Type: 5; TemplateId: 149; Amount: -15; SpawnChance: 100}; PresetInventoryItem{Type: 5; TemplateId: 153; Amount: -15; SpawnChance: 100}; PresetInventoryItem{Type: 5; TemplateId: 157; Amount: -15; SpawnChance: 100}; PresetInventoryItem{Type: 5; TemplateId: 161; Amount: -15; SpawnChance: 100}; PresetInventoryItem{Type: 5; TemplateId: 165; Amount: -15; SpawnChance: 100}; PresetInventoryItem{Type: 5; TemplateId: 169; Amount: -15; SpawnChance: 100}; PresetInventoryItem{Type: 5; TemplateId: 173; Amount: -15; SpawnChance: 100}; PresetInventoryItem{Type: 5; TemplateId: 177; Amount: -15; SpawnChance: 100}; PresetInventoryItem{Type: 5; TemplateId: 181; Amount: -15; SpawnChance: 100}; PresetInventoryItem{Type: 5; TemplateId: 185; Amount: -15; SpawnChance: 100}; PresetInventoryItem{Type: 5; TemplateId: 189; Amount: -15; SpawnChance: 100}; PresetInventoryItem{Type: 5; TemplateId: 193; Amount: -15; SpawnChance: 100}; PresetInventoryItem{Type: 5; TemplateId: 197; Amount: -15; SpawnChance: 100}; PresetInventoryItem{Type: 5; TemplateId: 201; Amount: -15; SpawnChance: 100}; PresetInventoryItem{Type: 5; TemplateId: 205; Amount: -15; SpawnChance: 100}; PresetInventoryItem{Type: 5; TemplateId: 209; Amount: -15; SpawnChance: 100}; PresetInventoryItem{Type: 5; TemplateId: 213; Amount: -15; SpawnChance: 100}; PresetInventoryItem{Type: 5; TemplateId: 217; Amount: -15; SpawnChance: 100}; PresetInventoryItem{Type: 5; TemplateId: 221; Amount: -15; SpawnChance: 100}; PresetInventoryItem{Type: 5; TemplateId: 225; Amount: -15; SpawnChance: 100}; PresetInventoryItem{Type: 5; TemplateId: 229; Amount: -15; SpawnChance: 100}; PresetInventoryItem{Type: 5; TemplateId: 233; Amount: -15; SpawnChance: 100}; PresetInventoryItem{Type: 5; TemplateId: 142; Amount: -45; SpawnChance: 100}; PresetInventoryItem{Type: 5; TemplateId: 146; Amount: -45; SpawnChance: 100}; PresetInventoryItem{Type: 5; TemplateId: 150; Amount: -45; SpawnChance: 100}; PresetInventoryItem{Type: 5; TemplateId: 154; Amount: -45; SpawnChance: 100}; PresetInventoryItem{Type: 5; TemplateId: 158; Amount: -45; SpawnChance: 100}; PresetInventoryItem{Type: 5; TemplateId: 162; Amount: -45; SpawnChance: 100}; PresetInventoryItem{Type: 5; TemplateId: 166; Amount: -45; SpawnChance: 100}; PresetInventoryItem{Type: 5; TemplateId: 170; Amount: -45; SpawnChance: 100}; PresetInventoryItem{Type: 5; TemplateId: 174; Amount: -45; SpawnChance: 100}; PresetInventoryItem{Type: 5; TemplateId: 178; Amount: -45; SpawnChance: 100}; PresetInventoryItem{Type: 5; TemplateId: 182; Amount: -45; SpawnChance: 100}; PresetInventoryItem{Type: 5; TemplateId: 186; Amount: -45; SpawnChance: 100}; PresetInventoryItem{Type: 5; TemplateId: 190; Amount: -45; SpawnChance: 100}; PresetInventoryItem{Type: 5; TemplateId: 194; Amount: -45; SpawnChance: 100}; PresetInventoryItem{Type: 5; TemplateId: 198; Amount: -45; SpawnChance: 100}; PresetInventoryItem{Type: 5; TemplateId: 202; Amount: -45; SpawnChance: 100}; PresetInventoryItem{Type: 5; TemplateId: 206; Amount: -45; SpawnChance: 100}; PresetInventoryItem{Type: 5; TemplateId: 210; Amount: -45; SpawnChance: 100}; PresetInventoryItem{Type: 5; TemplateId: 214; Amount: -45; SpawnChance: 100}; PresetInventoryItem{Type: 5; TemplateId: 218; Amount: -45; SpawnChance: 100}; PresetInventoryItem{Type: 5; TemplateId: 222; Amount: -45; SpawnChance: 100}; PresetInventoryItem{Type: 5; TemplateId: 226; Amount: -45; SpawnChance: 100}; PresetInventoryItem{Type: 5; TemplateId: 230; Amount: -45; SpawnChance: 100}; PresetInventoryItem{Type: 5; TemplateId: 234; Amount: -45; SpawnChance: 100}],114,[],15,0,-1,[],[],[],-1,[],0,0
15,顺利地进行了培育工作，收获了{0}…,[Item; ; ; ; ; ],5,[5],-1,[PresetInventoryItem{Type: 5; TemplateId: 236; Amount: 20; SpawnChance: 100}; PresetInventoryItem{Type: 5; TemplateId: 237; Amount: 10; SpawnChance: 100}; PresetInventoryItem{Type: 5; TemplateId: 238; Amount: 0; SpawnChance: 100}; PresetInventoryItem{Type: 5; TemplateId: 239; Amount: -15; SpawnChance: 100}; PresetInventoryItem{Type: 5; TemplateId: 240; Amount: -30; SpawnChance: 100}; PresetInventoryItem{Type: 5; TemplateId: 241; Amount: -45; SpawnChance: 100}; PresetInventoryItem{Type: 5; TemplateId: 243; Amount: 20; SpawnChance: 100}; PresetInventoryItem{Type: 5; TemplateId: 244; Amount: 10; SpawnChance: 100}; PresetInventoryItem{Type: 5; TemplateId: 245; Amount: 0; SpawnChance: 100}; PresetInventoryItem{Type: 5; TemplateId: 246; Amount: -15; SpawnChance: 100}; PresetInventoryItem{Type: 5; TemplateId: 247; Amount: -30; SpawnChance: 100}; PresetInventoryItem{Type: 5; TemplateId: 248; Amount: -45; SpawnChance: 100}; PresetInventoryItem{Type: 5; TemplateId: 250; Amount: 20; SpawnChance: 100}; PresetInventoryItem{Type: 5; TemplateId: 251; Amount: 10; SpawnChance: 100}; PresetInventoryItem{Type: 5; TemplateId: 252; Amount: 0; SpawnChance: 100}; PresetInventoryItem{Type: 5; TemplateId: 253; Amount: -15; SpawnChance: 100}; PresetInventoryItem{Type: 5; TemplateId: 254; Amount: -30; SpawnChance: 100}; PresetInventoryItem{Type: 5; TemplateId: 255; Amount: -45; SpawnChance: 100}; PresetInventoryItem{Type: 5; TemplateId: 257; Amount: 20; SpawnChance: 100}; PresetInventoryItem{Type: 5; TemplateId: 258; Amount: 10; SpawnChance: 100}; PresetInventoryItem{Type: 5; TemplateId: 259; Amount: 0; SpawnChance: 100}; PresetInventoryItem{Type: 5; TemplateId: 260; Amount: -15; SpawnChance: 100}; PresetInventoryItem{Type: 5; TemplateId: 261; Amount: -30; SpawnChance: 100}; PresetInventoryItem{Type: 5; TemplateId: 262; Amount: -45; SpawnChance: 100}; PresetInventoryItem{Type: 5; TemplateId: 264; Amount: 20; SpawnChance: 100}; PresetInventoryItem{Type: 5; TemplateId: 265; Amount: 10; SpawnChance: 100}; PresetInventoryItem{Type: 5; TemplateId: 266; Amount: 0; SpawnChance: 100}; PresetInventoryItem{Type: 5; TemplateId: 267; Amount: -15; SpawnChance: 100}; PresetInventoryItem{Type: 5; TemplateId: 268; Amount: -30; SpawnChance: 100}; PresetInventoryItem{Type: 5; TemplateId: 269; Amount: -45; SpawnChance: 100}; PresetInventoryItem{Type: 5; TemplateId: 271; Amount: 20; SpawnChance: 100}; PresetInventoryItem{Type: 5; TemplateId: 272; Amount: 10; SpawnChance: 100}; PresetInventoryItem{Type: 5; TemplateId: 273; Amount: 0; SpawnChance: 100}; PresetInventoryItem{Type: 5; TemplateId: 274; Amount: -15; SpawnChance: 100}; PresetInventoryItem{Type: 5; TemplateId: 275; Amount: -30; SpawnChance: 100}; PresetInventoryItem{Type: 5; TemplateId: 276; Amount: -45; SpawnChance: 100}],115,[],15,0,-1,[],[],[],-1,[],0,0
16,顺利地进行了采集工作，收获了{0}…,[Item; ; ; ; ; ],5,[4],-1,[PresetInventoryItem{Type: 5; TemplateId: 49; Amount: 20; SpawnChance: 100}; PresetInventoryItem{Type: 5; TemplateId: 50; Amount: 10; SpawnChance: 100}; PresetInventoryItem{Type: 5; TemplateId: 51; Amount: 0; SpawnChance: 100}; PresetInventoryItem{Type: 5; TemplateId: 52; Amount: -15; SpawnChance: 100}; PresetInventoryItem{Type: 5; TemplateId: 53; Amount: -30; SpawnChance: 100}; PresetInventoryItem{Type: 5; TemplateId: 54; Amount: -45; SpawnChance: 100}],116,[],15,0,-1,[],[],[],-1,[],0,0
17,顺利地进行了采集工作，收获了{0}…,[Item; ; ; ; ; ],5,[4],-1,[PresetInventoryItem{Type: 5; TemplateId: 42; Amount: 20; SpawnChance: 100}; PresetInventoryItem{Type: 5; TemplateId: 43; Amount: 10; SpawnChance: 100}; PresetInventoryItem{Type: 5; TemplateId: 44; Amount: 0; SpawnChance: 100}; PresetInventoryItem{Type: 5; TemplateId: 45; Amount: -15; SpawnChance: 100}; PresetInventoryItem{Type: 5; TemplateId: 46; Amount: -30; SpawnChance: 100}; PresetInventoryItem{Type: 5; TemplateId: 47; Amount: -45; SpawnChance: 100}],117,[],15,0,-1,[],[],[],-1,[],0,0
18,顺利地进行了挖掘工作，收获了{0}…,[Item; ; ; ; ; ],5,[3],-1,[PresetInventoryItem{Type: 5; TemplateId: 28; Amount: 20; SpawnChance: 100}; PresetInventoryItem{Type: 5; TemplateId: 29; Amount: 10; SpawnChance: 100}; PresetInventoryItem{Type: 5; TemplateId: 30; Amount: 0; SpawnChance: 100}; PresetInventoryItem{Type: 5; TemplateId: 31; Amount: -15; SpawnChance: 100}; PresetInventoryItem{Type: 5; TemplateId: 32; Amount: -30; SpawnChance: 100}; PresetInventoryItem{Type: 5; TemplateId: 33; Amount: -45; SpawnChance: 100}],118,[],15,0,-1,[],[],[],-1,[],0,0
19,顺利地进行了挖掘工作，收获了{0}…,[Item; ; ; ; ; ],5,[3],-1,[PresetInventoryItem{Type: 5; TemplateId: 35; Amount: 20; SpawnChance: 100}; PresetInventoryItem{Type: 5; TemplateId: 36; Amount: 10; SpawnChance: 100}; PresetInventoryItem{Type: 5; TemplateId: 37; Amount: 0; SpawnChance: 100}; PresetInventoryItem{Type: 5; TemplateId: 38; Amount: -15; SpawnChance: 100}; PresetInventoryItem{Type: 5; TemplateId: 39; Amount: -30; SpawnChance: 100}; PresetInventoryItem{Type: 5; TemplateId: 40; Amount: -45; SpawnChance: 100}],119,[],15,0,-1,[],[],[],-1,[],0,0
20,捕捞工作发生了失误，以致一无所获…,[; ; ; ; ; ],25,[],-1,[],-1,[],0,0,-1,[],[],[],-1,[],0,0
21,采炼工作发生了失误，以致一无所获…,[; ; ; ; ; ],25,[],-1,[],-1,[],0,0,-1,[],[],[],-1,[],0,0
22,采伐工作发生了失误，以致一无所获…,[; ; ; ; ; ],25,[],-1,[],-1,[],0,0,-1,[],[],[],-1,[],0,0
23,整修工作发生了失误，以致一无所获…,[; ; ; ; ; ],25,[],-1,[],-1,[],0,0,-1,[],[],[],-1,[],0,0
24,培育工作发生了失误，以致一无所获…,[; ; ; ; ; ],25,[],-1,[],-1,[],0,0,-1,[],[],[],-1,[],0,0
25,培育工作发生了失误，以致一无所获…,[; ; ; ; ; ],25,[],-1,[],-1,[],0,0,-1,[],[],[],-1,[],0,0
26,采集工作发生了失误，以致一无所获…,[; ; ; ; ; ],25,[],-1,[],-1,[],0,0,-1,[],[],[],-1,[],0,0
27,挖掘工作发生了失误，以致一无所获…,[; ; ; ; ; ],25,[],-1,[],-1,[],0,0,-1,[],[],[],-1,[],0,0
28,采集工作发生了失误，以致一无所获…,[; ; ; ; ; ],25,[],-1,[],-1,[],0,0,-1,[],[],[],-1,[],0,0
29,猎捕工作发生了失误，以致一无所获…,[; ; ; ; ; ],25,[],-1,[],-1,[],0,0,-1,[],[],[],-1,[],0,0
30,提炼工作发生了失误，以致一无所获…,[; ; ; ; ; ],25,[],-1,[],-1,[],0,0,-1,[],[],[],-1,[],0,0
31,采炼工作发生了失误，以致一无所获…,[; ; ; ; ; ],25,[],-1,[],-1,[],0,0,-1,[],[],[],-1,[],0,0
32,采伐工作发生了失误，以致一无所获…,[; ; ; ; ; ],25,[],-1,[],-1,[],0,0,-1,[],[],[],-1,[],0,0
33,采伐工作发生了失误，以致一无所获…,[; ; ; ; ; ],25,[],-1,[],-1,[],0,0,-1,[],[],[],-1,[],0,0
34,培育工作发生了失误，以致一无所获…,[; ; ; ; ; ],25,[],-1,[],-1,[],0,0,-1,[],[],[],-1,[],0,0
35,培育工作发生了失误，以致一无所获…,[; ; ; ; ; ],25,[],-1,[],-1,[],0,0,-1,[],[],[],-1,[],0,0
36,采集工作发生了失误，以致一无所获…,[; ; ; ; ; ],25,[],-1,[],-1,[],0,0,-1,[],[],[],-1,[],0,0
37,采集工作发生了失误，以致一无所获…,[; ; ; ; ; ],25,[],-1,[],-1,[],0,0,-1,[],[],[],-1,[],0,0
38,挖掘工作发生了失误，以致一无所获…,[; ; ; ; ; ],25,[],-1,[],-1,[],0,0,-1,[],[],[],-1,[],0,0
39,挖掘工作发生了失误，以致一无所获…,[; ; ; ; ; ],25,[],-1,[],-1,[],0,0,-1,[],[],[],-1,[],0,0
40,顺利地完成了保镖工作，收获了{1}银钱…,[Resource; Integer; ; ; ; ],5,[],6,[],-1,[],0,10,-1,[],[],[],-1,[],10,0
41,一位流民资质出众，通过了选拔，可被招揽至太吾村…,[; ; ; ; ; ],5,[],-1,[],-1,[],0,20,-1,[20; 10; 0; -15; -30; -45],[-10; 11],[65; 70; 75; 80; 85; 90],-1,[],20,0
42,顺利地完成了接引工作，收获了{1}威望…,[Resource; Integer; ; ; ; ],5,[],7,[],-1,[],0,15,-1,[],[],[],-1,[],15,0
43,保镖工作发生了失误，以致一无所获…,[; ; ; ; ; ],25,[],-1,[],-1,[],0,0,-1,[],[],[],-1,[],0,0
44,未能发现可招揽至太吾村的人才…,[; ; ; ; ; ],25,[],-1,[],-1,[],0,0,-1,[],[],[],-1,[],0,0
45,接引工作发生了失误，以致一无所获…,[; ; ; ; ; ],25,[],-1,[],-1,[],0,0,-1,[],[],[],-1,[],0,0
46,顺利地完成了演奏工作，收获了{1}银钱…,[Resource; Integer; ; ; ; ],5,[],6,[],-1,[],10,0,-1,[],[],[],-1,[],0,0
47,一位流民资质出众，通过了选拔，可被招揽至太吾村…,[; ; ; ; ; ],5,[],-1,[],-1,[],20,0,-1,[20; 10; 0; -15; -30; -45],[-10; 11],[65; 70; 75; 80; 85; 90],-1,[],0,0
48,顺利地完成了作曲工作，收获了{1}威望…,[Resource; Integer; ; ; ; ],5,[],7,[],-1,[],15,0,-1,[],[],[],-1,[],0,0
49,演奏工作发生了失误，以致一无所获…,[; ; ; ; ; ],25,[],-1,[],-1,[],0,0,-1,[],[],[],-1,[],0,0
50,未能发现可招揽至太吾村的人才…,[; ; ; ; ; ],25,[],-1,[],-1,[],0,0,-1,[],[],[],-1,[],0,0
51,作曲工作发生了失误，以致一无所获…,[; ; ; ; ; ],25,[],-1,[],-1,[],0,0,-1,[],[],[],-1,[],0,0
52,顺利地完成了接引工作，收获了{1}银钱…,[Resource; Integer; ; ; ; ],5,[],6,[],-1,[],10,0,-1,[],[],[],-1,[],0,0
53,一位流民资质出众，通过了选拔，可被招揽至太吾村…,[; ; ; ; ; ],5,[],-1,[],-1,[],20,0,-1,[20; 10; 0; -15; -30; -45],[-10; 11],[65; 70; 75; 80; 85; 90],-1,[],0,0
54,顺利地完成了讲学工作，收获了{1}威望…,[Resource; Integer; ; ; ; ],5,[],7,[],-1,[],15,0,-1,[],[],[],-1,[],0,0
55,接引工作发生了失误，以致一无所获…,[; ; ; ; ; ],25,[],-1,[],-1,[],0,0,-1,[],[],[],-1,[],0,0
56,未能发现可招揽至太吾村的人才…,[; ; ; ; ; ],25,[],-1,[],-1,[],0,0,-1,[],[],[],-1,[],0,0
57,讲学工作发生了失误，以致一无所获…,[; ; ; ; ; ],25,[],-1,[],-1,[],0,0,-1,[],[],[],-1,[],0,0
58,顺利地完成了售卖工作，收获了{1}银钱…,[Resource; Integer; ; ; ; ],5,[],6,[],-1,[],10,0,-1,[],[],[],-1,[],0,0
59,一位流民资质出众，通过了选拔，可被招揽至太吾村…,[; ; ; ; ; ],5,[],-1,[],-1,[],20,0,-1,[20; 10; 0; -15; -30; -45],[-10; 11],[65; 70; 75; 80; 85; 90],-1,[],0,0
60,顺利地完成了讲学工作，收获了{1}威望…,[Resource; Integer; ; ; ; ],5,[],7,[],-1,[],15,0,-1,[],[],[],-1,[],0,0
61,售卖工作发生了失误，以致一无所获…,[; ; ; ; ; ],25,[],-1,[],-1,[],0,0,-1,[],[],[],-1,[],0,0
62,未能发现可招揽至太吾村的人才…,[; ; ; ; ; ],25,[],-1,[],-1,[],0,0,-1,[],[],[],-1,[],0,0
63,讲学工作发生了失误，以致一无所获…,[; ; ; ; ; ],25,[],-1,[],-1,[],0,0,-1,[],[],[],-1,[],0,0
64,顺利地完成了售卖工作，收获了{1}银钱…,[Resource; Integer; ; ; ; ],5,[],6,[],-1,[],10,0,-1,[],[],[],-1,[],0,0
65,一位流民资质出众，通过了选拔，可被招揽至太吾村…,[; ; ; ; ; ],5,[],-1,[],-1,[],20,0,-1,[20; 10; 0; -15; -30; -45],[-10; 11],[65; 70; 75; 80; 85; 90],-1,[],0,0
66,顺利地完成了接引工作，收获了{1}威望…,[Resource; Integer; ; ; ; ],5,[],7,[],-1,[],15,0,-1,[],[],[],-1,[],0,0
67,售卖工作发生了失误，以致一无所获…,[; ; ; ; ; ],25,[],-1,[],-1,[],0,0,-1,[],[],[],-1,[],0,0
68,未能发现可招揽至太吾村的人才…,[; ; ; ; ; ],25,[],-1,[],-1,[],0,0,-1,[],[],[],-1,[],0,0
69,接引工作发生了失误，以致一无所获…,[; ; ; ; ; ],25,[],-1,[],-1,[],0,0,-1,[],[],[],-1,[],0,0
70,顺利地完成了占卜工作，收获了{1}银钱…,[Resource; Integer; ; ; ; ],5,[],6,[],-1,[],10,0,-1,[],[],[],-1,[],0,0
71,一位流民资质出众，通过了选拔，可被招揽至太吾村…,[; ; ; ; ; ],5,[],-1,[],-1,[],20,0,-1,[20; 10; 0; -15; -30; -45],[-10; 11],[65; 70; 75; 80; 85; 90],-1,[],0,0
72,顺利地完成了祭祀工作，收获了{1}威望…,[Resource; Integer; ; ; ; ],5,[],7,[],-1,[],15,0,-1,[],[],[],-1,[],0,0
73,占卜工作发生了失误，以致一无所获…,[; ; ; ; ; ],25,[],-1,[],-1,[],0,0,-1,[],[],[],-1,[],0,0
74,未能发现可招揽至太吾村的人才…,[; ; ; ; ; ],25,[],-1,[],-1,[],0,0,-1,[],[],[],-1,[],0,0
75,祭祀工作发生了失误，以致一无所获…,[; ; ; ; ; ],25,[],-1,[],-1,[],0,0,-1,[],[],[],-1,[],0,0
76,顺利地售出了{0}，收获了{2}银钱…,[Item; Resource; Integer; ; ; ],5,[],-1,[],-1,[],10,0,6,[],[],[],-1,[],0,0
77,顺利地售出了{0}，收获了{2}银钱…,[Item; Resource; Integer; ; ; ],5,[],-1,[],-1,[],10,0,6,[],[],[],-1,[],0,0
78,一位流民资质出众，通过了选拔，可被招揽至太吾村…,[; ; ; ; ; ],5,[],-1,[],-1,[],20,0,-1,[20; 10; 0; -15; -30; -45],[-10; 11],[65; 70; 75; 80; 85; 90],-1,[],0,0
79,以{0}为奖励，顺利地举办了盛会，收获了{2}威望…,[Item; Resource; Integer; ; ; ],5,[],-1,[],-1,[],15,0,7,[],[],[],-1,[],0,0
80,顺利地进行了茶叶品鉴，收获了{0}…,[Item; ; ; ; ; ],5,[],-1,[PresetInventoryItem{Type: 9; TemplateId: 18; Amount: 40; SpawnChance: 100}; PresetInventoryItem{Type: 9; TemplateId: 19; Amount: 30; SpawnChance: 100}; PresetInventoryItem{Type: 9; TemplateId: 20; Amount: 20; SpawnChance: 100}; PresetInventoryItem{Type: 9; TemplateId: 21; Amount: 10; SpawnChance: 100}; PresetInventoryItem{Type: 9; TemplateId: 22; Amount: 0; SpawnChance: 100}; PresetInventoryItem{Type: 9; TemplateId: 23; Amount: -15; SpawnChance: 100}; PresetInventoryItem{Type: 9; TemplateId: 24; Amount: -30; SpawnChance: 100}; PresetInventoryItem{Type: 9; TemplateId: 25; Amount: -45; SpawnChance: 100}; PresetInventoryItem{Type: 9; TemplateId: 27; Amount: 40; SpawnChance: 100}; PresetInventoryItem{Type: 9; TemplateId: 28; Amount: 30; SpawnChance: 100}; PresetInventoryItem{Type: 9; TemplateId: 29; Amount: 20; SpawnChance: 100}; PresetInventoryItem{Type: 9; TemplateId: 30; Amount: 10; SpawnChance: 100}; PresetInventoryItem{Type: 9; TemplateId: 31; Amount: 0; SpawnChance: 100}; PresetInventoryItem{Type: 9; TemplateId: 32; Amount: -15; SpawnChance: 100}; PresetInventoryItem{Type: 9; TemplateId: 33; Amount: -30; SpawnChance: 100}; PresetInventoryItem{Type: 9; TemplateId: 34; Amount: -45; SpawnChance: 100}],-1,[],25,0,-1,[],[],[],-1,[],0,0
81,顺利地进行了美酒品鉴，收获了{0}…,[Item; ; ; ; ; ],5,[],-1,[PresetInventoryItem{Type: 9; TemplateId: 0; Amount: 40; SpawnChance: 100}; PresetInventoryItem{Type: 9; TemplateId: 1; Amount: 30; SpawnChance: 100}; PresetInventoryItem{Type: 9; TemplateId: 2; Amount: 20; SpawnChance: 100}; PresetInventoryItem{Type: 9; TemplateId: 3; Amount: 10; SpawnChance: 100}; PresetInventoryItem{Type: 9; TemplateId: 4; Amount: 0; SpawnChance: 100}; PresetInventoryItem{Type: 9; TemplateId: 5; Amount: -15; SpawnChance: 100}; PresetInventoryItem{Type: 9; TemplateId: 6; Amount: -30; SpawnChance: 100}; PresetInventoryItem{Type: 9; TemplateId: 7; Amount: -45; SpawnChance: 100}; PresetInventoryItem{Type: 9; TemplateId: 9; Amount: 40; SpawnChance: 100}; PresetInventoryItem{Type: 9; TemplateId: 10; Amount: 30; SpawnChance: 100}; PresetInventoryItem{Type: 9; TemplateId: 11; Amount: 20; SpawnChance: 100}; PresetInventoryItem{Type: 9; TemplateId: 12; Amount: 10; SpawnChance: 100}; PresetInventoryItem{Type: 9; TemplateId: 13; Amount: 0; SpawnChance: 100}; PresetInventoryItem{Type: 9; TemplateId: 14; Amount: -15; SpawnChance: 100}; PresetInventoryItem{Type: 9; TemplateId: 15; Amount: -30; SpawnChance: 100}; PresetInventoryItem{Type: 9; TemplateId: 16; Amount: -45; SpawnChance: 100}],-1,[],25,0,-1,[],[],[],-1,[],0,0
82,售卖茶叶时发生了失误，以致一无所获…,[; ; ; ; ; ],25,[],-1,[],-1,[],0,0,-1,[],[],[],-1,[],0,0
83,售卖美酒时发生了失误，以致一无所获…,[; ; ; ; ; ],25,[],-1,[],-1,[],0,0,-1,[],[],[],-1,[],0,0
84,未能发现可招揽至太吾村的人才…,[; ; ; ; ; ],25,[],-1,[],-1,[],0,0,-1,[],[],[],-1,[],0,0
85,举办盛会时发生了失误，以致一无所获…,[; ; ; ; ; ],25,[],-1,[],-1,[],0,0,-1,[],[],[],-1,[],0,0
86,茶叶品鉴发生了失误，以致一无所获…,[; ; ; ; ; ],25,[],-1,[],-1,[],0,0,-1,[],[],[],-1,[],0,0
87,美酒品鉴发生了失误，以致一无所获…,[; ; ; ; ; ],25,[],-1,[],-1,[],0,0,-1,[],[],[],-1,[],0,0
88,顺利地售出了{0}，收获了{2}银钱…,[Item; Resource; Integer; ; ; ],5,[],-1,[],-1,[],10,0,6,[],[],[],-1,[],0,0
89,一位流民资质出众，通过了选拔，可被招揽至太吾村…,[; ; ; ; ; ],5,[],-1,[],-1,[],20,0,-1,[20; 10; 0; -15; -30; -45],[-10; 11],[65; 70; 75; 80; 85; 90],-1,[],0,0
90,以{0}为奖励，顺利地举办了盛会，收获了{2}威望…,[Item; Resource; Integer; ; ; ],5,[],-1,[],-1,[],15,0,7,[],[],[],-1,[],0,0
91,顺利地进行了淘洗工作，收获了{0}…,[Item; ; ; ; ; ],5,[],-1,[PresetInventoryItem{Type: 5; TemplateId: 21; Amount: 30; SpawnChance: 100}; PresetInventoryItem{Type: 5; TemplateId: 22; Amount: 20; SpawnChance: 100}; PresetInventoryItem{Type: 5; TemplateId: 23; Amount: 10; SpawnChance: 100}; PresetInventoryItem{Type: 5; TemplateId: 24; Amount: 0; SpawnChance: 100}; PresetInventoryItem{Type: 5; TemplateId: 25; Amount: -10; SpawnChance: 100}; PresetInventoryItem{Type: 5; TemplateId: 26; Amount: -20; SpawnChance: 100}],-1,[],25,0,-1,[],[],[],-1,[],0,0
92,顺利地进行了精炼工作，收获了{0}…,[Item; ; ; ; ; ],5,[],-1,[PresetInventoryItem{Type: 5; TemplateId: 14; Amount: 30; SpawnChance: 100}; PresetInventoryItem{Type: 5; TemplateId: 15; Amount: 20; SpawnChance: 100}; PresetInventoryItem{Type: 5; TemplateId: 16; Amount: 10; SpawnChance: 100}; PresetInventoryItem{Type: 5; TemplateId: 17; Amount: 0; SpawnChance: 100}; PresetInventoryItem{Type: 5; TemplateId: 18; Amount: -10; SpawnChance: 100}; PresetInventoryItem{Type: 5; TemplateId: 19; Amount: -20; SpawnChance: 100}],-1,[],25,0,-1,[],[],[],-1,[],0,0
93,售卖时发生了失误，以致一无所获…,[; ; ; ; ; ],25,[],-1,[],-1,[],0,0,-1,[],[],[],-1,[],0,0
94,未能发现可招揽至太吾村的人才…,[; ; ; ; ; ],25,[],-1,[],-1,[],0,0,-1,[],[],[],-1,[],0,0
95,举办盛会时发生了失误，以致一无所获…,[; ; ; ; ; ],25,[],-1,[],-1,[],0,0,-1,[],[],[],-1,[],0,0
96,淘洗工作发生了失误，以致一无所获…,[; ; ; ; ; ],25,[],-1,[],-1,[],0,0,-1,[],[],[],-1,[],0,0
97,精炼工作发生了失误，以致一无所获…,[; ; ; ; ; ],25,[],-1,[],-1,[],0,0,-1,[],[],[],-1,[],0,0
98,顺利地售出了{0}，收获了{2}银钱…,[Item; Resource; Integer; ; ; ],5,[],-1,[],-1,[],10,0,6,[],[],[],-1,[],0,0
99,一位流民资质出众，通过了选拔，可被招揽至太吾村…,[; ; ; ; ; ],5,[],-1,[],-1,[],20,0,-1,[20; 10; 0; -15; -30; -45],[-10; 11],[65; 70; 75; 80; 85; 90],-1,[],0,0
100,以{0}为奖励，顺利地举办了盛会，收获了{2}威望…,[Item; Resource; Integer; ; ; ],5,[],-1,[],-1,[],15,0,7,[],[],[],-1,[],0,0
101,顺利地进行了伐木工作，收获了{0}…,[Item; ; ; ; ; ],5,[],-1,[PresetInventoryItem{Type: 5; TemplateId: 0; Amount: 30; SpawnChance: 100}; PresetInventoryItem{Type: 5; TemplateId: 1; Amount: 20; SpawnChance: 100}; PresetInventoryItem{Type: 5; TemplateId: 2; Amount: 10; SpawnChance: 100}; PresetInventoryItem{Type: 5; TemplateId: 3; Amount: 0; SpawnChance: 100}; PresetInventoryItem{Type: 5; TemplateId: 4; Amount: -10; SpawnChance: 100}; PresetInventoryItem{Type: 5; TemplateId: 5; Amount: -20; SpawnChance: 100}],-1,[],25,0,-1,[],[],[],-1,[],0,0
102,顺利地进行了栽培工作，收获了{0}…,[Item; ; ; ; ; ],5,[],-1,[PresetInventoryItem{Type: 5; TemplateId: 7; Amount: 30; SpawnChance: 100}; PresetInventoryItem{Type: 5; TemplateId: 8; Amount: 20; SpawnChance: 100}; PresetInventoryItem{Type: 5; TemplateId: 9; Amount: 10; SpawnChance: 100}; PresetInventoryItem{Type: 5; TemplateId: 10; Amount: 0; SpawnChance: 100}; PresetInventoryItem{Type: 5; TemplateId: 11; Amount: -10; SpawnChance: 100}; PresetInventoryItem{Type: 5; TemplateId: 12; Amount: -20; SpawnChance: 100}],-1,[],25,0,-1,[],[],[],-1,[],0,0
103,售卖时发生了失误，以致一无所获…,[; ; ; ; ; ],25,[],-1,[],-1,[],0,0,-1,[],[],[],-1,[],0,0
104,未能发现可招揽至太吾村的人才…,[; ; ; ; ; ],25,[],-1,[],-1,[],0,0,-1,[],[],[],-1,[],0,0
105,举办盛会时发生了失误，以致一无所获…,[; ; ; ; ; ],25,[],-1,[],-1,[],0,0,-1,[],[],[],-1,[],0,0
106,伐木工作发生了失误，以致一无所获…,[; ; ; ; ; ],25,[],-1,[],-1,[],0,0,-1,[],[],[],-1,[],0,0
107,栽培工作发生了失误，以致一无所获…,[; ; ; ; ; ],25,[],-1,[],-1,[],0,0,-1,[],[],[],-1,[],0,0
108,顺利地售出了{0}，收获了{2}银钱…,[Item; Resource; Integer; ; ; ],5,[],-1,[],-1,[],10,0,6,[],[],[],-1,[],0,0
109,一位流民资质出众，通过了选拔，可被招揽至太吾村…,[; ; ; ; ; ],5,[],-1,[],-1,[],20,0,-1,[20; 10; 0; -15; -30; -45],[-10; 11],[65; 70; 75; 80; 85; 90],-1,[],0,0
110,以{0}救治流民，收获了{2}威望…,[Item; Resource; Integer; ; ; ],5,[],-1,[],-1,[],15,0,7,[],[],[],-1,[],0,0
111,顺利地进行了种植工作，收获了{0}…,[Item; ; ; ; ; ],5,[],-1,[PresetInventoryItem{Type: 5; TemplateId: 140; Amount: 20; SpawnChance: 100}; PresetInventoryItem{Type: 5; TemplateId: 144; Amount: 20; SpawnChance: 100}; PresetInventoryItem{Type: 5; TemplateId: 148; Amount: 20; SpawnChance: 100}; PresetInventoryItem{Type: 5; TemplateId: 152; Amount: 20; SpawnChance: 100}; PresetInventoryItem{Type: 5; TemplateId: 176; Amount: 20; SpawnChance: 100}; PresetInventoryItem{Type: 5; TemplateId: 180; Amount: 20; SpawnChance: 100}; PresetInventoryItem{Type: 5; TemplateId: 184; Amount: 20; SpawnChance: 100}; PresetInventoryItem{Type: 5; TemplateId: 188; Amount: 20; SpawnChance: 100}; PresetInventoryItem{Type: 5; TemplateId: 208; Amount: 20; SpawnChance: 100}; PresetInventoryItem{Type: 5; TemplateId: 212; Amount: 20; SpawnChance: 100}; PresetInventoryItem{Type: 5; TemplateId: 220; Amount: 20; SpawnChance: 100}; PresetInventoryItem{Type: 5; TemplateId: 232; Amount: 20; SpawnChance: 100}; PresetInventoryItem{Type: 5; TemplateId: 141; Amount: 0; SpawnChance: 100}; PresetInventoryItem{Type: 5; TemplateId: 145; Amount: 0; SpawnChance: 100}; PresetInventoryItem{Type: 5; TemplateId: 149; Amount: 0; SpawnChance: 100}; PresetInventoryItem{Type: 5; TemplateId: 153; Amount: 0; SpawnChance: 100}; PresetInventoryItem{Type: 5; TemplateId: 177; Amount: 0; SpawnChance: 100}; PresetInventoryItem{Type: 5; TemplateId: 181; Amount: 0; SpawnChance: 100}; PresetInventoryItem{Type: 5; TemplateId: 185; Amount: 0; SpawnChance: 100}; PresetInventoryItem{Type: 5; TemplateId: 189; Amount: 0; SpawnChance: 100}; PresetInventoryItem{Type: 5; TemplateId: 209; Amount: 0; SpawnChance: 100}; PresetInventoryItem{Type: 5; TemplateId: 213; Amount: 0; SpawnChance: 100}; PresetInventoryItem{Type: 5; TemplateId: 221; Amount: 0; SpawnChance: 100}; PresetInventoryItem{Type: 5; TemplateId: 233; Amount: 0; SpawnChance: 100}; PresetInventoryItem{Type: 5; TemplateId: 142; Amount: -20; SpawnChance: 100}; PresetInventoryItem{Type: 5; TemplateId: 146; Amount: -20; SpawnChance: 100}; PresetInventoryItem{Type: 5; TemplateId: 150; Amount: -20; SpawnChance: 100}; PresetInventoryItem{Type: 5; TemplateId: 154; Amount: -20; SpawnChance: 100}; PresetInventoryItem{Type: 5; TemplateId: 178; Amount: -20; SpawnChance: 100}; PresetInventoryItem{Type: 5; TemplateId: 182; Amount: -20; SpawnChance: 100}; PresetInventoryItem{Type: 5; TemplateId: 186; Amount: -20; SpawnChance: 100}; PresetInventoryItem{Type: 5; TemplateId: 190; Amount: -20; SpawnChance: 100}; PresetInventoryItem{Type: 5; TemplateId: 210; Amount: -20; SpawnChance: 100}; PresetInventoryItem{Type: 5; TemplateId: 214; Amount: -20; SpawnChance: 100}; PresetInventoryItem{Type: 5; TemplateId: 222; Amount: -20; SpawnChance: 100}; PresetInventoryItem{Type: 5; TemplateId: 234; Amount: -20; SpawnChance: 100}],-1,[],25,0,-1,[],[],[],-1,[],0,0
112,顺利地进行了培育工作，收获了{0}…,[Item; ; ; ; ; ],5,[],-1,[PresetInventoryItem{Type: 5; TemplateId: 156; Amount: 20; SpawnChance: 100}; PresetInventoryItem{Type: 5; TemplateId: 160; Amount: 20; SpawnChance: 100}; PresetInventoryItem{Type: 5; TemplateId: 164; Amount: 20; SpawnChance: 100}; PresetInventoryItem{Type: 5; TemplateId: 168; Amount: 20; SpawnChance: 100}; PresetInventoryItem{Type: 5; TemplateId: 172; Amount: 20; SpawnChance: 100}; PresetInventoryItem{Type: 5; TemplateId: 192; Amount: 20; SpawnChance: 100}; PresetInventoryItem{Type: 5; TemplateId: 196; Amount: 20; SpawnChance: 100}; PresetInventoryItem{Type: 5; TemplateId: 200; Amount: 20; SpawnChance: 100}; PresetInventoryItem{Type: 5; TemplateId: 204; Amount: 20; SpawnChance: 100}; PresetInventoryItem{Type: 5; TemplateId: 216; Amount: 20; SpawnChance: 100}; PresetInventoryItem{Type: 5; TemplateId: 224; Amount: 20; SpawnChance: 100}; PresetInventoryItem{Type: 5; TemplateId: 228; Amount: 20; SpawnChance: 100}; PresetInventoryItem{Type: 5; TemplateId: 157; Amount: 0; SpawnChance: 100}; PresetInventoryItem{Type: 5; TemplateId: 161; Amount: 0; SpawnChance: 100}; PresetInventoryItem{Type: 5; TemplateId: 165; Amount: 0; SpawnChance: 100}; PresetInventoryItem{Type: 5; TemplateId: 169; Amount: 0; SpawnChance: 100}; PresetInventoryItem{Type: 5; TemplateId: 173; Amount: 0; SpawnChance: 100}; PresetInventoryItem{Type: 5; TemplateId: 193; Amount: 0; SpawnChance: 100}; PresetInventoryItem{Type: 5; TemplateId: 197; Amount: 0; SpawnChance: 100}; PresetInventoryItem{Type: 5; TemplateId: 201; Amount: 0; SpawnChance: 100}; PresetInventoryItem{Type: 5; TemplateId: 205; Amount: 0; SpawnChance: 100}; PresetInventoryItem{Type: 5; TemplateId: 217; Amount: 0; SpawnChance: 100}; PresetInventoryItem{Type: 5; TemplateId: 225; Amount: 0; SpawnChance: 100}; PresetInventoryItem{Type: 5; TemplateId: 229; Amount: 0; SpawnChance: 100}; PresetInventoryItem{Type: 5; TemplateId: 158; Amount: -20; SpawnChance: 100}; PresetInventoryItem{Type: 5; TemplateId: 162; Amount: -20; SpawnChance: 100}; PresetInventoryItem{Type: 5; TemplateId: 166; Amount: -20; SpawnChance: 100}; PresetInventoryItem{Type: 5; TemplateId: 170; Amount: -20; SpawnChance: 100}; PresetInventoryItem{Type: 5; TemplateId: 174; Amount: -20; SpawnChance: 100}; PresetInventoryItem{Type: 5; TemplateId: 194; Amount: -20; SpawnChance: 100}; PresetInventoryItem{Type: 5; TemplateId: 198; Amount: -20; SpawnChance: 100}; PresetInventoryItem{Type: 5; TemplateId: 202; Amount: -20; SpawnChance: 100}; PresetInventoryItem{Type: 5; TemplateId: 206; Amount: -20; SpawnChance: 100}; PresetInventoryItem{Type: 5; TemplateId: 218; Amount: -20; SpawnChance: 100}; PresetInventoryItem{Type: 5; TemplateId: 226; Amount: -20; SpawnChance: 100}; PresetInventoryItem{Type: 5; TemplateId: 230; Amount: -20; SpawnChance: 100}],-1,[],25,0,-1,[],[],[],-1,[],0,0
113,售卖时发生了失误，以致一无所获…,[; ; ; ; ; ],25,[],-1,[],-1,[],0,0,-1,[],[],[],-1,[],0,0
114,未能发现可招揽至太吾村的人才…,[; ; ; ; ; ],25,[],-1,[],-1,[],0,0,-1,[],[],[],-1,[],0,0
115,救治流民时发生了失误，以致一无所获…,[; ; ; ; ; ],25,[],-1,[],-1,[],0,0,-1,[],[],[],-1,[],0,0
116,种植工作发生了失误，以致一无所获…,[; ; ; ; ; ],25,[],-1,[],-1,[],0,0,-1,[],[],[],-1,[],0,0
117,培育工作发生了失误，以致一无所获…,[; ; ; ; ; ],25,[],-1,[],-1,[],0,0,-1,[],[],[],-1,[],0,0
118,顺利地售出了{0}，收获了{2}银钱…,[Item; Resource; Integer; ; ; ],5,[],-1,[],-1,[],10,0,6,[],[],[],-1,[],0,0
119,一位流民资质出众，通过了选拔，可被招揽至太吾村…,[; ; ; ; ; ],5,[],-1,[],-1,[],20,0,-1,[20; 10; 0; -15; -30; -45],[-10; 11],[65; 70; 75; 80; 85; 90],-1,[],0,0
120,以{0}救治流民，收获了{2}威望…,[Item; Resource; Integer; ; ; ],5,[],-1,[],-1,[],15,0,7,[],[],[],-1,[],0,0
121,顺利地进行了炼毒工作，收获了{0}…,[Item; ; ; ; ; ],5,[],-1,[PresetInventoryItem{Type: 5; TemplateId: 236; Amount: 30; SpawnChance: 100}; PresetInventoryItem{Type: 5; TemplateId: 237; Amount: 20; SpawnChance: 100}; PresetInventoryItem{Type: 5; TemplateId: 238; Amount: 10; SpawnChance: 100}; PresetInventoryItem{Type: 5; TemplateId: 239; Amount: 0; SpawnChance: 100}; PresetInventoryItem{Type: 5; TemplateId: 240; Amount: -10; SpawnChance: 100}; PresetInventoryItem{Type: 5; TemplateId: 241; Amount: -20; SpawnChance: 100}; PresetInventoryItem{Type: 5; TemplateId: 257; Amount: 30; SpawnChance: 100}; PresetInventoryItem{Type: 5; TemplateId: 258; Amount: 20; SpawnChance: 100}; PresetInventoryItem{Type: 5; TemplateId: 259; Amount: 10; SpawnChance: 100}; PresetInventoryItem{Type: 5; TemplateId: 260; Amount: 0; SpawnChance: 100}; PresetInventoryItem{Type: 5; TemplateId: 261; Amount: -10; SpawnChance: 100}; PresetInventoryItem{Type: 5; TemplateId: 262; Amount: -20; SpawnChance: 100}; PresetInventoryItem{Type: 5; TemplateId: 264; Amount: 30; SpawnChance: 100}; PresetInventoryItem{Type: 5; TemplateId: 265; Amount: 20; SpawnChance: 100}; PresetInventoryItem{Type: 5; TemplateId: 266; Amount: 10; SpawnChance: 100}; PresetInventoryItem{Type: 5; TemplateId: 267; Amount: 0; SpawnChance: 100}; PresetInventoryItem{Type: 5; TemplateId: 268; Amount: -10; SpawnChance: 100}; PresetInventoryItem{Type: 5; TemplateId: 269; Amount: -20; SpawnChance: 100}],-1,[],25,0,-1,[],[],[],-1,[],0,0
122,顺利地进行了养毒工作，收获了{0}…,[Item; ; ; ; ; ],5,[],-1,[PresetInventoryItem{Type: 5; TemplateId: 243; Amount: 30; SpawnChance: 100}; PresetInventoryItem{Type: 5; TemplateId: 244; Amount: 20; SpawnChance: 100}; PresetInventoryItem{Type: 5; TemplateId: 245; Amount: 10; SpawnChance: 100}; PresetInventoryItem{Type: 5; TemplateId: 246; Amount: 0; SpawnChance: 100}; PresetInventoryItem{Type: 5; TemplateId: 247; Amount: -10; SpawnChance: 100}; PresetInventoryItem{Type: 5; TemplateId: 248; Amount: -20; SpawnChance: 100}; PresetInventoryItem{Type: 5; TemplateId: 250; Amount: 30; SpawnChance: 100}; PresetInventoryItem{Type: 5; TemplateId: 251; Amount: 20; SpawnChance: 100}; PresetInventoryItem{Type: 5; TemplateId: 252; Amount: 10; SpawnChance: 100}; PresetInventoryItem{Type: 5; TemplateId: 253; Amount: 0; SpawnChance: 100}; PresetInventoryItem{Type: 5; TemplateId: 254; Amount: -10; SpawnChance: 100}; PresetInventoryItem{Type: 5; TemplateId: 255; Amount: -20; SpawnChance: 100}; PresetInventoryItem{Type: 5; TemplateId: 271; Amount: 30; SpawnChance: 100}; PresetInventoryItem{Type: 5; TemplateId: 272; Amount: 20; SpawnChance: 100}; PresetInventoryItem{Type: 5; TemplateId: 273; Amount: 10; SpawnChance: 100}; PresetInventoryItem{Type: 5; TemplateId: 274; Amount: 0; SpawnChance: 100}; PresetInventoryItem{Type: 5; TemplateId: 275; Amount: -10; SpawnChance: 100}; PresetInventoryItem{Type: 5; TemplateId: 276; Amount: -20; SpawnChance: 100}],-1,[],25,0,-1,[],[],[],-1,[],0,0
123,售卖时发生了失误，以致一无所获…,[; ; ; ; ; ],25,[],-1,[],-1,[],0,0,-1,[],[],[],-1,[],0,0
124,未能发现可招揽至太吾村的人才…,[; ; ; ; ; ],25,[],-1,[],-1,[],0,0,-1,[],[],[],-1,[],0,0
125,救治流民时发生了失误，以致一无所获…,[; ; ; ; ; ],25,[],-1,[],-1,[],0,0,-1,[],[],[],-1,[],0,0
126,炼毒工作发生了失误，以致一无所获…,[; ; ; ; ; ],25,[],-1,[],-1,[],0,0,-1,[],[],[],-1,[],0,0
127,养毒工作发生了失误，以致一无所获…,[; ; ; ; ; ],25,[],-1,[],-1,[],0,0,-1,[],[],[],-1,[],0,0
128,顺利地售出了{0}，收获了{2}银钱…,[Item; Resource; Integer; ; ; ],5,[],-1,[],-1,[],10,0,6,[],[],[],-1,[],0,0
129,一位流民资质出众，通过了选拔，可被招揽至太吾村…,[; ; ; ; ; ],5,[],-1,[],-1,[],20,0,-1,[20; 10; 0; -15; -30; -45],[-10; 11],[65; 70; 75; 80; 85; 90],-1,[],0,0
130,以{0}为媒，替人牵线搭桥，收获了{2}威望…,[Item; Resource; Integer; ; ; ],5,[],-1,[],-1,[],15,0,7,[],[],[],-1,[],0,0
131,顺利地进行了洗涤工作，收获了{0}…,[Item; ; ; ; ; ],5,[],-1,[PresetInventoryItem{Type: 5; TemplateId: 49; Amount: 30; SpawnChance: 100}; PresetInventoryItem{Type: 5; TemplateId: 50; Amount: 20; SpawnChance: 100}; PresetInventoryItem{Type: 5; TemplateId: 51; Amount: 10; SpawnChance: 100}; PresetInventoryItem{Type: 5; TemplateId: 52; Amount: 0; SpawnChance: 100}; PresetInventoryItem{Type: 5; TemplateId: 53; Amount: -10; SpawnChance: 100}; PresetInventoryItem{Type: 5; TemplateId: 54; Amount: -20; SpawnChance: 100}],-1,[],25,0,-1,[],[],[],-1,[],0,0
132,顺利地进行了饲育工作，收获了{0}…,[Item; ; ; ; ; ],5,[],-1,[PresetInventoryItem{Type: 5; TemplateId: 42; Amount: 30; SpawnChance: 100}; PresetInventoryItem{Type: 5; TemplateId: 43; Amount: 20; SpawnChance: 100}; PresetInventoryItem{Type: 5; TemplateId: 44; Amount: 10; SpawnChance: 100}; PresetInventoryItem{Type: 5; TemplateId: 45; Amount: 0; SpawnChance: 100}; PresetInventoryItem{Type: 5; TemplateId: 46; Amount: -10; SpawnChance: 100}; PresetInventoryItem{Type: 5; TemplateId: 47; Amount: -20; SpawnChance: 100}],-1,[],25,0,-1,[],[],[],-1,[],0,0
133,售卖时发生了失误，以致一无所获…,[; ; ; ; ; ],25,[],-1,[],-1,[],0,0,-1,[],[],[],-1,[],0,0
134,未能发现可招揽至太吾村的人才…,[; ; ; ; ; ],25,[],-1,[],-1,[],0,0,-1,[],[],[],-1,[],0,0
135,牵线做媒时发生了失误，以致一无所获…,[; ; ; ; ; ],25,[],-1,[],-1,[],0,0,-1,[],[],[],-1,[],0,0
136,洗涤工作发生了失误，以致一无所获…,[; ; ; ; ; ],25,[],-1,[],-1,[],0,0,-1,[],[],[],-1,[],0,0
137,精炼工作发生了失误，以致一无所获…,[; ; ; ; ; ],25,[],-1,[],-1,[],0,0,-1,[],[],[],-1,[],0,0
138,顺利地售出了{0}，收获了{2}银钱…,[Item; Resource; Integer; ; ; ],5,[],-1,[],-1,[],10,0,6,[],[],[],-1,[],0,0
139,一位流民资质出众，通过了选拔，可被招揽至太吾村…,[; ; ; ; ; ],5,[],-1,[],-1,[],20,0,-1,[20; 10; 0; -15; -30; -45],[-10; 11],[65; 70; 75; 80; 85; 90],-1,[],0,0
140,以{0}为奖励，顺利地举办了盛会，收获了{2}威望…,[Item; Resource; Integer; ; ; ],5,[],-1,[],-1,[],15,0,7,[],[],[],-1,[],0,0
141,顺利地进行了浣宝工作，收获了{0}…,[Item; ; ; ; ; ],5,[],-1,[PresetInventoryItem{Type: 5; TemplateId: 35; Amount: 30; SpawnChance: 100}; PresetInventoryItem{Type: 5; TemplateId: 36; Amount: 20; SpawnChance: 100}; PresetInventoryItem{Type: 5; TemplateId: 37; Amount: 10; SpawnChance: 100}; PresetInventoryItem{Type: 5; TemplateId: 38; Amount: 0; SpawnChance: 100}; PresetInventoryItem{Type: 5; TemplateId: 39; Amount: -10; SpawnChance: 100}; PresetInventoryItem{Type: 5; TemplateId: 40; Amount: -20; SpawnChance: 100}],-1,[],25,0,-1,[],[],[],-1,[],0,0
142,顺利地进行了解石工作，收获了{0}…,[Item; ; ; ; ; ],5,[],-1,[PresetInventoryItem{Type: 5; TemplateId: 28; Amount: 30; SpawnChance: 100}; PresetInventoryItem{Type: 5; TemplateId: 29; Amount: 20; SpawnChance: 100}; PresetInventoryItem{Type: 5; TemplateId: 30; Amount: 10; SpawnChance: 100}; PresetInventoryItem{Type: 5; TemplateId: 31; Amount: 0; SpawnChance: 100}; PresetInventoryItem{Type: 5; TemplateId: 32; Amount: -10; SpawnChance: 100}; PresetInventoryItem{Type: 5; TemplateId: 33; Amount: -20; SpawnChance: 100}],-1,[],25,0,-1,[],[],[],-1,[],0,0
143,售卖时发生了失误，以致一无所获…,[; ; ; ; ; ],25,[],-1,[],-1,[],0,0,-1,[],[],[],-1,[],0,0
144,未能发现可招揽至太吾村的人才…,[; ; ; ; ; ],25,[],-1,[],-1,[],0,0,-1,[],[],[],-1,[],0,0
145,举办盛会时发生了失误，以致一无所获…,[; ; ; ; ; ],25,[],-1,[],-1,[],0,0,-1,[],[],[],-1,[],0,0
146,浣宝工作发生了失误，以致一无所获…,[; ; ; ; ; ],25,[],-1,[],-1,[],0,0,-1,[],[],[],-1,[],0,0
147,解玉工作发生了失误，以致一无所获…,[; ; ; ; ; ],25,[],-1,[],-1,[],0,0,-1,[],[],[],-1,[],0,0
148,顺利地完成了法事工作，收获了{1}银钱…,[Resource; Integer; ; ; ; ],5,[],6,[],-1,[],10,0,-1,[],[],[],-1,[],0,0
149,一位流民资质出众，通过了选拔，可被招揽至太吾村…,[; ; ; ; ; ],5,[],-1,[],-1,[],20,0,-1,[20; 10; 0; -15; -30; -45],[-10; 11],[65; 70; 75; 80; 85; 90],-1,[],0,0
150,顺利地完成了接引工作，收获了{1}威望…,[Resource; Integer; ; ; ; ],5,[],7,[],-1,[],15,0,-1,[],[],[],-1,[],0,0
151,法事工作发生了失误，以致一无所获…,[; ; ; ; ; ],25,[],-1,[],-1,[],0,0,-1,[],[],[],-1,[],0,0
152,未能发现可招揽至太吾村的人才…,[; ; ; ; ; ],25,[],-1,[],-1,[],0,0,-1,[],[],[],-1,[],0,0
153,接引工作发生了失误，以致一无所获…,[; ; ; ; ; ],25,[],-1,[],-1,[],0,0,-1,[],[],[],-1,[],0,0
154,顺利地完成了化缘工作，收获了{1}银钱…,[Resource; Integer; ; ; ; ],5,[],6,[],-1,[],10,0,-1,[],[],[],-1,[],0,0
155,一位流民资质出众，通过了选拔，可被招揽至太吾村…,[; ; ; ; ; ],5,[],-1,[],-1,[],20,0,-1,[20; 10; 0; -15; -30; -45],[-10; 11],[65; 70; 75; 80; 85; 90],-1,[],0,0
156,顺利地完成了讲经工作，收获了{1}威望…,[Resource; Integer; ; ; ; ],5,[],7,[],-1,[],15,0,-1,[],[],[],-1,[],0,0
157,化缘工作发生了失误，以致一无所获…,[; ; ; ; ; ],25,[],-1,[],-1,[],0,0,-1,[],[],[],-1,[],0,0
158,未能发现可招揽至太吾村的人才…,[; ; ; ; ; ],25,[],-1,[],-1,[],0,0,-1,[],[],[],-1,[],0,0
159,讲经工作发生了失误，以致一无所获…,[; ; ; ; ; ],25,[],-1,[],-1,[],0,0,-1,[],[],[],-1,[],0,0
160,顺利地售出了{0}，收获了{2}银钱…,[Item; Resource; Integer; ; ; ],5,[],-1,[],-1,[],10,0,6,[],[],[],-1,[],0,0
161,一位流民资质出众，通过了选拔，可被招揽至太吾村…,[; ; ; ; ; ],5,[],-1,[],-1,[],20,0,-1,[20; 10; 0; -15; -30; -45],[-10; 11],[65; 70; 75; 80; 85; 90],-1,[],0,0
162,以{0}为奖励，顺利地举办了盛会，收获了{2}威望…,[Item; Resource; Integer; ; ; ],5,[],-1,[],-1,[],15,0,7,[],[],[],-1,[],0,0
163,顺利地进行了培育工作，收获了{0}…,[Item; ; ; ; ; ],5,[],-1,[PresetInventoryItem{Type: 5; TemplateId: 70; Amount: 30; SpawnChance: 100}; PresetInventoryItem{Type: 5; TemplateId: 71; Amount: 20; SpawnChance: 100}; PresetInventoryItem{Type: 5; TemplateId: 72; Amount: 10; SpawnChance: 100}; PresetInventoryItem{Type: 5; TemplateId: 73; Amount: 0; SpawnChance: 100}; PresetInventoryItem{Type: 5; TemplateId: 74; Amount: -10; SpawnChance: 100}; PresetInventoryItem{Type: 5; TemplateId: 75; Amount: -20; SpawnChance: 100}; PresetInventoryItem{Type: 5; TemplateId: 63; Amount: 30; SpawnChance: 100}; PresetInventoryItem{Type: 5; TemplateId: 64; Amount: 20; SpawnChance: 100}; PresetInventoryItem{Type: 5; TemplateId: 65; Amount: 10; SpawnChance: 100}; PresetInventoryItem{Type: 5; TemplateId: 66; Amount: 0; SpawnChance: 100}; PresetInventoryItem{Type: 5; TemplateId: 67; Amount: -10; SpawnChance: 100}; PresetInventoryItem{Type: 5; TemplateId: 68; Amount: -20; SpawnChance: 100}],-1,[],25,0,-1,[],[],[],-1,[],0,0
164,顺利地进行了培育工作，收获了{0}…,[Item; ; ; ; ; ],5,[],-1,[PresetInventoryItem{Type: 5; TemplateId: 56; Amount: 30; SpawnChance: 100}; PresetInventoryItem{Type: 5; TemplateId: 57; Amount: 20; SpawnChance: 100}; PresetInventoryItem{Type: 5; TemplateId: 58; Amount: 10; SpawnChance: 100}; PresetInventoryItem{Type: 5; TemplateId: 59; Amount: 0; SpawnChance: 100}; PresetInventoryItem{Type: 5; TemplateId: 60; Amount: -10; SpawnChance: 100}; PresetInventoryItem{Type: 5; TemplateId: 61; Amount: -20; SpawnChance: 100}; PresetInventoryItem{Type: 5; TemplateId: 77; Amount: 30; SpawnChance: 100}; PresetInventoryItem{Type: 5; TemplateId: 78; Amount: 20; SpawnChance: 100}; PresetInventoryItem{Type: 5; TemplateId: 79; Amount: 10; SpawnChance: 100}; PresetInventoryItem{Type: 5; TemplateId: 80; Amount: 0; SpawnChance: 100}; PresetInventoryItem{Type: 5; TemplateId: 81; Amount: -10; SpawnChance: 100}; PresetInventoryItem{Type: 5; TemplateId: 82; Amount: -20; SpawnChance: 100}],-1,[],25,0,-1,[],[],[],-1,[],0,0
165,售卖时发生了失误，以致一无所获…,[; ; ; ; ; ],25,[],-1,[],-1,[],0,0,-1,[],[],[],-1,[],0,0
166,未能发现可招揽至太吾村的人才…,[; ; ; ; ; ],25,[],-1,[],-1,[],0,0,-1,[],[],[],-1,[],0,0
167,举办盛会时发生了失误，以致一无所获…,[; ; ; ; ; ],25,[],-1,[],-1,[],0,0,-1,[],[],[],-1,[],0,0
168,培育工作发生了失误，以致一无所获…,[; ; ; ; ; ],25,[],-1,[],-1,[],0,0,-1,[],[],[],-1,[],0,0
169,培育工作发生了失误，以致一无所获…,[; ; ; ; ; ],25,[],-1,[],-1,[],0,0,-1,[],[],[],-1,[],0,0
170,顺利地售出了{0}，收获了{2}银钱…,[Item; Resource; Integer; ; ; ],5,[],-1,[],-1,[],10,0,6,[],[],[],-1,[],0,0
171,顺利地完成了博彩工作，收获了{1}银钱…,[Resource; Integer; ; ; ; ],5,[],6,[],-1,[],10,0,-1,[],[],[],-1,[],0,0
172,顺利地完成了经营工作，收获了{1}银钱…,[Resource; Integer; ; ; ; ],5,[],6,[],-1,[],10,0,-1,[],[],[],-1,[],0,0
173,一位流民魅力出众，通过了选拔，可被招揽至太吾村…,[; ; ; ; ; ],5,[],-1,[],-1,[],20,0,-1,[20; 10; 0; -15; -30; -45],[-100; 101],[],101,[400; 500; 600; 700; 800; 900],0,0
174,一位流民资质出众，通过了选拔，可被招揽至太吾村…,[; ; ; ; ; ],5,[],-1,[],-1,[],20,0,-1,[20; 10; 0; -15; -30; -45],[-10; 11],[65; 70; 75; 80; 85; 90],-1,[],0,0
175,顺利地完成了接引工作，收获了{1}威望…,[Resource; Integer; ; ; ; ],5,[],7,[],-1,[],15,0,-1,[],[],[],-1,[],0,0
176,收到当品{0}，可花费{2}银钱将其收入囊中…,[Item; Resource; Integer; ; ; ],5,[],-1,[],-1,[40; 30; 20; 10; 0; -15; -30; -45; -60],25,0,-1,[],[],[],-1,[],0,0
177,得到一位流民的投奔，可花费{1}威望将其招揽至太吾村…,[Resource; Integer; ; ; ; ],5,[],-1,[],-1,[],25,0,-1,[40; 30; 20; 10; 0; -15; -30; -45; -60],[-10; 11],[65; 70; 75; 80; 85; 90; 95; 100; 105],-1,[],0,0
178,售卖时发生了失误，以致一无所获…,[; ; ; ; ; ],25,[],-1,[],-1,[],0,0,-1,[],[],[],-1,[],0,0
179,博彩工作发生了失误，以致一无所获…,[; ; ; ; ; ],25,[],-1,[],-1,[],0,0,-1,[],[],[],-1,[],0,0
180,经营工作发生了失误，以致一无所获…,[; ; ; ; ; ],25,[],-1,[],-1,[],0,0,-1,[],[],[],-1,[],0,0
181,未能发现可招揽至太吾村的人才…,[; ; ; ; ; ],25,[],-1,[],-1,[],0,0,-1,[],[],[],-1,[],0,0
182,未能发现可招揽至太吾村的人才…,[; ; ; ; ; ],25,[],-1,[],-1,[],0,0,-1,[],[],[],-1,[],0,0
183,接引工作发生了失误，以致一无所获…,[; ; ; ; ; ],25,[],-1,[],-1,[],0,0,-1,[],[],[],-1,[],0,0
184,未能接收到当品…,[; ; ; ; ; ],25,[],-1,[],-1,[],0,0,-1,[],[],[],-1,[],0,0
185,未能招揽到流民…,[; ; ; ; ; ],25,[],-1,[],-1,[],0,0,-1,[],[],[],-1,[],0,0
186,{0}在工作时，领悟到{1}之妙法…,[Character; Item; ; ; ; ],0,[],-1,[],-1,[],0,0,-1,[],[],[],-1,[],1,0
187,{0}在工作时，掌握了{1}的法门…,[Character; Item; ; ; ; ],0,[],-1,[],-1,[],0,0,-1,[],[],[],-1,[],1,0
188,{0}在工作时若有所悟，然须臾已失，仅使{1}资质略长…,[Character; LifeSkillType; ; ; ; ],0,[],-1,[],-1,[],0,0,-1,[],[],[],-1,[],1,0
189,{0}在工作时恍若得道，然转瞬即逝，仅使{1}资质略长…,[Character; CombatSkillType; ; ; ; ],0,[],-1,[],-1,[],0,0,-1,[],[],[],-1,[],1,0
190,{0}在工作时心念微动，似有所触，{1}资质得到了增长…,[Character; LifeSkillType; ; ; ; ],0,[],-1,[],-1,[],0,0,-1,[],[],[],-1,[],1,0
191,{0}在工作时心念微动，似有所触，{1}资质得到了增长…,[Character; CombatSkillType; ; ; ; ],0,[],-1,[],-1,[],0,0,-1,[],[],[],-1,[],1,0
192,{0}研习时经刻苦钻研，{1}资质得到了增长…,[Character; LifeSkillType; ; ; ; ],0,[],-1,[],-1,[],0,0,-1,[],[],[],-1,[],1,0
193,{0}研习时经刻苦钻研，{1}资质得到了增长…,[Character; CombatSkillType; ; ; ; ],0,[],-1,[],-1,[],0,0,-1,[],[],[],-1,[],1,0
194,{0}在研习时因赋性相合，{1}资质得到了增长…,[Character; LifeSkillType; ; ; ; ],0,[],-1,[],-1,[],0,0,-1,[],[],[],-1,[],1,0
195,{0}在研习时因赋性相合，{1}资质得到了增长…,[Character; CombatSkillType; ; ; ; ],0,[],-1,[],-1,[],0,0,-1,[],[],[],-1,[],1,0
196,{0}受到{1}监督教导，受益匪浅，{2}资质得到了增长…,[Character; Character; LifeSkillType; ; ; ],0,[],-1,[],-1,[],0,0,-1,[],[],[],-1,[],1,0
197,{0}受到{1}监督教导，受益匪浅，{2}资质得到了增长…,[Character; Character; CombatSkillType; ; ; ],0,[],-1,[],-1,[],0,0,-1,[],[],[],-1,[],1,0
198,{0}在研习时，领悟到{1}的第{2}篇…,[Character; Item; Integer; ; ; ],0,[],-1,[],-1,[],0,0,-1,[],[],[],-1,[],1,0
199,{0}在研习时，掌握了{1}的第{2}篇…,[Character; Item; Integer; ; ; ],0,[],-1,[],-1,[],0,0,-1,[],[],[],-1,[],1,0
200,{0}因完成经营，获得报酬{1}{2}…,[Character; Integer; Resource; ; ; ],0,[],-1,[],-1,[],0,0,-1,[],[],[],-1,[],0,0
201,{0}终日郁郁寡欢，在享用{1}后喜上眉梢，留下{2}以表谢意…,[Character; Item; Item; ; ; ],0,[],-1,[],-1,[],0,0,-1,[],[],[],-1,[],0,3
202,{0}终日郁郁寡欢，在享用喜爱的{1}后心花怒发，留下{2}以表谢意…,[Character; Item; Item; ; ; ],0,[],-1,[],-1,[],0,0,-1,[],[],[],-1,[],0,5
203,{0}终日郁郁寡欢，在{3}中享用{1}后喜笑颜开，自觉略有所得，留下{2}以表谢意…,[Character; Item; Item; Feast; ; ],0,[],-1,[],-1,[],0,0,-1,[],[],[],-1,[],0,8
204,{0}终日郁郁寡欢，在{3}中享用喜爱的{1}后欢欣雀跃，一时收获颇丰，留下{2}以表谢意…,[Character; Item; Item; Feast; ; ],0,[],-1,[],-1,[],0,0,-1,[],[],[],-1,[],0,9
205,{0}在享用{1}后怡然自得，留下{2}以表谢意…,[Character; Item; Item; ; ; ],0,[],-1,[],-1,[],0,0,-1,[],[],[],-1,[],0,2
206,{0}在享用喜爱的{1}后满面春风，留下{2}以表谢意…,[Character; Item; Item; ; ; ],0,[],-1,[],-1,[],0,0,-1,[],[],[],-1,[],0,4
207,{0}在{3}中享用{1}后心满意足，自觉略有所得，留下{2}以表谢意…,[Character; Item; Item; Feast; ; ],0,[],-1,[],-1,[],0,0,-1,[],[],[],-1,[],0,6
208,{0}在{3}中享用喜爱的{1}后兴高采烈，一时收获颇丰，留下{2}以表谢意…,[Character; Item; Item; Feast; ; ],0,[],-1,[],-1,[],0,0,-1,[],[],[],-1,[],0,7
209,{0}未在宴堂寻得可用佳肴，对此心存怨念，心情与好感皆下降…,[Character; ; ; ; ; ],0,[],-1,[],-1,[],0,0,-1,[],[],[],-1,[],0,1
210,{0}入宴堂时已满腹佳肴，对席中珍馐无动于衷，心情与好感未变…,[Character; ; ; ; ; ],0,[],-1,[],-1,[],0,0,-1,[],[],[],-1,[],0,10
